cme_time,cme_speed_km_s,cme_width_deg,cme_cpa_deg,is_halo,arrival_time,transit_time_hours,target_dst,target_kp
1996-08-22 08:38:43+00:00,979.0,125.0,91.0,0,1996-08-25 09:00:00+00:00,72.35472222222222,-34.0,3.7
1996-11-07 23:20:05+00:00,497.0,360.0,180.0,1,1996-11-10 05:00:00+00:00,53.665277777777774,-36.0,3.7
1997-01-06 15:10:42+00:00,136.0,360.0,180.0,1,1997-01-10 09:00:00+00:00,89.82166666666667,-78.0,6.0
1997-02-07 00:30:05+00:00,490.0,360.0,180.0,1,1997-02-10 10:00:00+00:00,81.49861111111112,-68.0,5.7
1997-02-13 17:27:14+00:00,1662.0,9.0,357.0,0,1997-02-17 08:00:00+00:00,86.54611111111112,-54.0,4.3
1997-02-23 02:30:05+00:00,905.0,209.0,208.0,0,1997-02-27 23:00:00+00:00,116.49861111111112,-86.0,7.0
1997-04-07 14:27:44+00:00,878.0,360.0,180.0,1,1997-04-11 04:00:00+00:00,85.53777777777778,-82.0,6.7
1997-04-27 10:26:05+00:00,280.0,360.0,180.0,1,1997-05-02 00:00:00+00:00,109.56527777777778,-64.0,6.3
1997-04-27 14:59:05+00:00,255.0,360.0,180.0,1,1997-05-02 00:00:00+00:00,105.01527777777778,-64.0,6.3
1997-05-12 05:30:05+00:00,464.0,360.0,180.0,1,1997-05-15 12:00:00+00:00,78.49861111111112,-115.0,6.7
1997-07-30 04:45:47+00:00,104.0,360.0,180.0,1,1997-08-03 18:00:00+00:00,109.23694444444445,-49.0,5.0
1997-08-30 01:30:35+00:00,371.0,360.0,180.0,1,1997-09-03 22:00:00+00:00,116.49027777777778,-98.0,6.3
1997-09-17 20:28:48+00:00,377.0,360.0,180.0,1,1997-09-20 09:00:00+00:00,60.52,-38.0,5.0
1997-09-28 01:08:33+00:00,359.0,360.0,180.0,1,1997-10-01 15:00:00+00:00,85.8575,-98.0,7.0
1997-10-07 13:30:05+00:00,1271.0,167.0,246.0,0,1997-10-11 03:00:00+00:00,85.49861111111112,-130.0,6.3
1997-10-21 18:03:45+00:00,523.0,360.0,180.0,1,1997-10-25 02:00:00+00:00,79.9375,-64.0,5.3
1997-10-23 11:26:50+00:00,503.0,360.0,180.0,1,1997-10-25 02:00:00+00:00,38.55277777777778,-64.0,5.3
1997-11-04 06:10:05+00:00,785.0,360.0,180.0,1,1997-11-07 04:00:00+00:00,69.83194444444445,-110.0,7.0
1997-11-06 12:10:41+00:00,1556.0,360.0,180.0,1,1997-11-07 13:00:00+00:00,24.821944444444444,-61.0,4.0
1997-11-14 10:14:03+00:00,1042.0,86.0,79.0,0,1997-11-17 01:00:00+00:00,62.76583333333333,-45.0,4.0
1997-11-17 08:27:05+00:00,611.0,360.0,180.0,1,1997-11-22 06:00:00+00:00,117.54861111111111,-42.0,4.3
1997-11-18 23:06:05+00:00,951.0,37.0,111.0,0,1997-11-23 06:00:00+00:00,102.89861111111111,-108.0,7.3
1997-11-19 12:27:08+00:00,150.0,360.0,180.0,1,1997-11-23 06:00:00+00:00,89.54777777777778,-108.0,7.3
1998-01-02 23:28:20+00:00,438.0,360.0,180.0,1,1998-01-07 04:00:00+00:00,100.52777777777777,-77.0,6.3
1998-01-03 09:42:59+00:00,1020.0,85.0,290.0,0,1998-01-07 04:00:00+00:00,90.28361111111111,-77.0,6.3
1998-01-17 04:09:20+00:00,350.0,360.0,180.0,1,1998-01-18 13:00:00+00:00,32.84444444444444,-32.0,4.0
1998-01-25 15:26:34+00:00,693.0,360.0,180.0,1,1998-01-30 11:00:00+00:00,115.55722222222222,-55.0,4.3
1998-02-27 20:07:21+00:00,422.0,360.0,180.0,1,1998-03-02 18:00:00+00:00,69.8775,-36.0,5.0
1998-03-29 03:48:28+00:00,1397.0,360.0,180.0,1,1998-03-30 21:00:00+00:00,41.19222222222222,-37.0,3.7
1998-03-31 06:12:02+00:00,1992.0,360.0,180.0,1,1998-04-04 06:00:00+00:00,95.79944444444445,-31.0,3.3
1998-03-31 11:04:07+00:00,850.0,48.0,281.0,0,1998-04-04 06:00:00+00:00,90.93138888888889,-31.0,3.3
1998-03-31 15:54:48+00:00,1047.0,71.0,158.0,0,1998-04-04 06:00:00+00:00,86.08666666666667,-31.0,3.3
1998-04-06 05:04:50+00:00,878.0,62.0,248.0,0,1998-04-10 20:00:00+00:00,110.91944444444445,-40.0,4.3
1998-04-08 03:59:20+00:00,845.0,27.0,290.0,0,1998-04-12 00:00:00+00:00,92.0111111111111,-46.0,4.3
1998-04-20 10:07:11+00:00,1863.0,243.0,284.0,0,1998-04-24 07:00:00+00:00,92.88027777777778,-69.0,5.7
1998-04-23 05:55:22+00:00,1691.0,360.0,180.0,1,1998-04-24 07:00:00+00:00,25.077222222222222,-69.0,5.3
1998-04-24 08:55:19+00:00,1184.0,84.0,100.0,0,1998-04-26 17:00:00+00:00,56.07805555555556,-63.0,5.0
1998-04-29 16:58:54+00:00,1374.0,360.0,180.0,1,1998-05-04 05:00:00+00:00,108.01833333333333,-205.0,8.7
1998-05-01 00:58:05+00:00,859.0,44.0,120.0,0,1998-05-04 05:00:00+00:00,76.03194444444445,-205.0,8.7
1998-05-01 23:40:09+00:00,585.0,360.0,180.0,1,1998-05-04 05:00:00+00:00,53.33083333333333,-205.0,8.7
1998-05-02 05:31:56+00:00,542.0,360.0,180.0,1,1998-05-04 05:00:00+00:00,47.467777777777776,-205.0,8.7
1998-05-02 14:06:12+00:00,938.0,360.0,180.0,1,1998-05-04 05:00:00+00:00,38.89666666666667,-205.0,8.7
1998-05-06 08:29:13+00:00,1099.0,190.0,309.0,0,1998-05-09 19:00:00+00:00,82.51305555555555,-63.0,4.3
1998-05-08 06:27:05+00:00,1265.0,75.0,245.0,0,1998-05-09 19:00:00+00:00,36.548611111111114,-63.0,3.7
1998-05-09 02:10:43+00:00,1040.0,37.0,254.0,0,1998-05-10 08:00:00+00:00,29.82138888888889,-49.0,3.7
1998-05-09 03:35:58+00:00,2331.0,178.0,262.0,0,1998-05-10 08:00:00+00:00,28.400555555555556,-49.0,3.7
1998-05-09 20:04:56+00:00,1278.0,129.0,266.0,0,1998-05-12 06:00:00+00:00,57.91777777777778,-48.0,3.7
1998-05-11 21:55:22+00:00,830.0,301.0,208.0,0,1998-05-13 20:00:00+00:00,46.077222222222225,-31.0,4.0
1998-05-12 08:55:20+00:00,1073.0,225.0,210.0,0,1998-05-13 20:00:00+00:00,35.077777777777776,-31.0,5.0
1998-05-19 10:27:06+00:00,801.0,139.0,268.0,0,1998-05-23 21:00:00+00:00,106.54833333333333,-41.0,4.3
1998-05-21 05:27:34+00:00,822.0,51.0,294.0,0,1998-05-25 21:00:00+00:00,111.54055555555556,-46.0,3.7
1998-05-27 13:45:42+00:00,878.0,268.0,175.0,0,1998-05-30 02:00:00+00:00,60.23833333333334,-42.0,6.7
1998-06-03 12:02:22+00:00,818.0,147.0,90.0,0,1998-06-06 21:00:00+00:00,80.96055555555556,-50.0,4.3
1998-06-04 02:04:45+00:00,1802.0,360.0,180.0,1,1998-06-06 21:00:00+00:00,66.92083333333333,-50.0,4.3
1998-06-04 06:31:11+00:00,805.0,34.0,45.0,0,1998-06-06 21:00:00+00:00,62.48027777777778,-50.0,4.3
1998-06-05 07:02:43+00:00,1017.0,132.0,205.0,0,1998-06-06 21:00:00+00:00,37.95472222222222,-50.0,4.3
1998-06-05 12:01:53+00:00,320.0,360.0,180.0,1,1998-06-06 21:00:00+00:00,32.96861111111111,-50.0,4.7
1998-06-07 09:32:08+00:00,749.0,360.0,180.0,1,1998-06-08 19:00:00+00:00,33.464444444444446,-40.0,4.7
1998-06-11 10:28:38+00:00,1223.0,177.0,123.0,0,1998-06-14 10:00:00+00:00,71.52277777777778,-55.0,4.3
1998-06-12 01:55:23+00:00,823.0,7.0,107.0,0,1998-06-14 10:00:00+00:00,56.07694444444444,-55.0,4.3
1998-06-16 18:27:05+00:00,1484.0,281.0,341.0,0,1998-06-21 09:00:00+00:00,110.54861111111111,-30.0,4.7
1998-06-20 07:57:43+00:00,909.0,53.0,292.0,0,1998-06-22 21:00:00+00:00,61.03805555555556,-44.0,4.3
1998-06-20 18:20:37+00:00,964.0,360.0,180.0,1,1998-06-22 21:00:00+00:00,50.65638888888889,-44.0,4.3
1998-10-15 10:04:36+00:00,262.0,360.0,180.0,1,1998-10-19 15:00:00+00:00,100.92333333333333,-112.0,6.7
1998-10-24 03:18:11+00:00,332.0,360.0,180.0,1,1998-10-25 07:00:00+00:00,27.696944444444444,-42.0,4.7
1998-11-04 07:54:06+00:00,523.0,360.0,180.0,1,1998-11-08 06:00:00+00:00,94.09833333333333,-149.0,7.7
1998-11-04 12:18:08+00:00,868.0,47.0,253.0,0,1998-11-08 06:00:00+00:00,89.69777777777777,-149.0,7.7
1998-11-05 02:02:52+00:00,380.0,360.0,180.0,1,1998-11-08 06:00:00+00:00,75.95222222222222,-149.0,7.7
1998-11-05 20:44:02+00:00,1118.0,360.0,180.0,1,1998-11-08 06:00:00+00:00,57.26611111111111,-149.0,7.7
1998-11-07 11:54:05+00:00,632.0,360.0,180.0,1,1998-11-09 17:00:00+00:00,53.09861111111111,-142.0,6.7
1998-11-10 14:54:05+00:00,847.0,81.0,305.0,0,1998-11-13 21:00:00+00:00,78.09861111111111,-131.0,6.0
1998-12-06 10:54:05+00:00,806.0,73.0,118.0,0,1998-12-11 08:00:00+00:00,117.09861111111111,-66.0,5.3
1999-02-08 07:30:05+00:00,869.0,132.0,107.0,0,1999-02-12 08:00:00+00:00,96.49861111111112,-33.0,4.3
1999-02-09 01:30:05+00:00,853.0,60.0,47.0,0,1999-02-12 08:00:00+00:00,78.49861111111112,-33.0,4.3
1999-02-09 05:33:01+00:00,808.0,132.0,238.0,0,1999-02-12 08:00:00+00:00,74.44972222222222,-33.0,4.3
1999-02-10 14:57:18+00:00,849.0,90.0,125.0,0,1999-02-12 08:00:00+00:00,41.045,-33.0,4.3
1999-02-13 14:56:31+00:00,874.0,94.0,97.0,0,1999-02-18 09:00:00+00:00,114.05805555555555,-123.0,6.7
1999-02-20 15:54:05+00:00,838.0,69.0,46.0,0,1999-02-22 23:00:00+00:00,55.09861111111111,-33.0,3.7
1999-03-07 05:54:06+00:00,835.0,31.0,292.0,0,1999-03-10 08:00:00+00:00,74.09833333333333,-81.0,6.3
1999-03-08 01:26:54+00:00,1015.0,16.0,241.0,0,1999-03-10 08:00:00+00:00,54.55166666666667,-81.0,6.3
1999-03-08 18:26:05+00:00,876.0,9.0,253.0,0,1999-03-10 08:00:00+00:00,37.56527777777778,-81.0,6.3
1999-03-11 07:26:50+00:00,881.0,12.0,294.0,0,1999-03-15 06:00:00+00:00,94.55277777777778,-36.0,4.3
1999-03-11 14:24:07+00:00,936.0,17.0,54.0,0,1999-03-15 06:00:00+00:00,87.59805555555556,-36.0,4.3
1999-03-13 06:26:06+00:00,824.0,13.0,218.0,0,1999-03-15 06:00:00+00:00,47.565,-36.0,4.3
1999-03-17 10:18:07+00:00,972.0,31.0,107.0,0,1999-03-19 21:00:00+00:00,58.698055555555555,-30.0,3.0
1999-03-18 14:26:06+00:00,1234.0,25.0,319.0,0,1999-03-19 21:00:00+00:00,30.565,-30.0,3.0
1999-04-02 08:30:05+00:00,1068.0,191.0,90.0,0,1999-04-07 00:00:00+00:00,111.49861111111112,-31.0,4.0
1999-04-03 23:47:11+00:00,923.0,156.0,74.0,0,1999-04-07 00:00:00+00:00,72.2136111111111,-31.0,4.0
1999-04-04 05:30:05+00:00,1203.0,173.0,65.0,0,1999-04-07 00:00:00+00:00,66.49861111111112,-31.0,4.0
1999-04-05 12:30:05+00:00,801.0,50.0,83.0,0,1999-04-07 00:00:00+00:00,35.49861111111111,-31.0,4.0
1999-04-16 02:30:05+00:00,885.0,14.0,113.0,0,1999-04-17 07:00:00+00:00,28.49861111111111,-91.0,7.3
1999-04-24 11:06:05+00:00,1026.0,36.0,220.0,0,1999-04-28 21:00:00+00:00,105.89861111111111,-46.0,4.7
1999-04-24 13:31:15+00:00,1495.0,360.0,180.0,1,1999-04-28 21:00:00+00:00,103.47916666666667,-46.0,4.7
1999-04-25 02:06:05+00:00,873.0,52.0,243.0,0,1999-04-28 21:00:00+00:00,90.89861111111111,-46.0,4.7
1999-04-27 22:30:06+00:00,949.0,61.0,34.0,0,1999-04-29 00:00:00+00:00,25.498333333333335,-37.0,4.7
1999-05-09 23:50:06+00:00,843.0,17.0,103.0,0,1999-05-13 14:00:00+00:00,86.165,-49.0,5.0
1999-05-09 23:50:06+00:00,814.0,76.0,321.0,0,1999-05-13 14:00:00+00:00,86.165,-49.0,5.0
1999-05-10 05:50:05+00:00,920.0,360.0,180.0,1,1999-05-13 14:00:00+00:00,80.16527777777777,-49.0,5.0
1999-06-24 13:31:24+00:00,975.0,360.0,180.0,1,1999-06-28 10:00:00+00:00,92.47666666666667,-41.0,6.0
1999-06-26 07:31:25+00:00,558.0,360.0,180.0,1,1999-06-28 10:00:00+00:00,50.47638888888889,-41.0,6.0
1999-06-26 19:54:05+00:00,364.0,360.0,180.0,1,1999-06-28 10:00:00+00:00,38.09861111111111,-41.0,6.0
1999-06-27 09:06:06+00:00,903.0,86.0,349.0,0,1999-06-28 10:00:00+00:00,24.898333333333333,-41.0,5.0
1999-07-06 17:06:05+00:00,899.0,360.0,180.0,1,1999-07-08 20:00:00+00:00,50.89861111111111,-31.0,2.3
1999-07-25 06:54:05+00:00,1114.0,72.0,122.0,0,1999-07-29 02:00:00+00:00,91.09861111111111,-38.0,3.3
1999-07-25 13:31:21+00:00,1389.0,360.0,180.0,1,1999-07-29 02:00:00+00:00,84.4775,-38.0,5.0
1999-07-26 00:54:06+00:00,872.0,43.0,321.0,0,1999-07-31 00:00:00+00:00,119.09833333333333,-40.0,7.7
1999-07-28 09:06:05+00:00,462.0,360.0,180.0,1,1999-07-31 01:00:00+00:00,63.89861111111111,-53.0,7.7
1999-08-15 23:30:05+00:00,942.0,18.0,150.0,0,1999-08-20 16:00:00+00:00,112.49861111111112,-56.0,5.7
1999-08-16 10:31:03+00:00,883.0,13.0,147.0,0,1999-08-20 16:00:00+00:00,101.4825,-56.0,5.7
1999-08-17 15:30:05+00:00,962.0,206.0,54.0,0,1999-08-20 16:00:00+00:00,72.49861111111112,-56.0,5.7
1999-08-20 23:26:05+00:00,812.0,76.0,95.0,0,1999-08-23 00:00:00+00:00,48.56527777777778,-66.0,5.7
1999-08-21 16:50:05+00:00,841.0,68.0,108.0,0,1999-08-23 00:00:00+00:00,31.165277777777778,-66.0,5.7
1999-08-21 22:26:05+00:00,1295.0,66.0,115.0,0,1999-08-23 00:00:00+00:00,25.565277777777776,-66.0,5.7
1999-08-22 16:50:07+00:00,866.0,8.0,160.0,0,1999-08-23 17:00:00+00:00,24.164722222222224,-55.0,5.7
1999-08-28 01:26:48+00:00,1147.0,98.0,289.0,0,1999-09-01 09:00:00+00:00,103.55333333333333,-48.0,5.0
1999-09-09 14:06:05+00:00,1025.0,73.0,313.0,0,1999-09-13 04:00:00+00:00,85.89861111111111,-74.0,6.0
1999-09-09 21:54:05+00:00,1071.0,103.0,345.0,0,1999-09-13 04:00:00+00:00,78.09861111111111,-74.0,6.0
1999-09-10 07:54:05+00:00,1467.0,125.0,18.0,0,1999-09-13 04:00:00+00:00,68.09861111111111,-74.0,6.0
1999-09-11 21:54:05+00:00,1680.0,120.0,35.0,0,1999-09-13 04:00:00+00:00,30.09861111111111,-74.0,6.0
1999-09-12 02:06:05+00:00,926.0,17.0,11.0,0,1999-09-13 04:00:00+00:00,25.898611111111112,-74.0,6.0
1999-09-12 04:30:05+00:00,1296.0,109.0,26.0,0,1999-09-13 07:00:00+00:00,26.49861111111111,-70.0,6.0
1999-09-12 15:30:08+00:00,837.0,11.0,16.0,0,1999-09-16 08:00:00+00:00,88.49777777777778,-67.0,6.0
1999-09-12 17:54:06+00:00,967.0,71.0,42.0,0,1999-09-16 08:00:00+00:00,86.09833333333333,-67.0,6.0
1999-09-12 20:06:05+00:00,1023.0,12.0,26.0,0,1999-09-16 08:00:00+00:00,83.89861111111111,-67.0,6.0
1999-09-13 08:06:05+00:00,998.0,60.0,49.0,0,1999-09-16 08:00:00+00:00,71.89861111111111,-67.0,6.0
1999-09-13 09:30:09+00:00,898.0,182.0,0.0,0,1999-09-16 08:00:00+00:00,70.4975,-67.0,6.0
1999-09-14 12:06:05+00:00,819.0,67.0,56.0,0,1999-09-16 08:00:00+00:00,43.89861111111111,-67.0,6.0
1999-09-15 14:30:05+00:00,836.0,82.0,67.0,0,1999-09-16 15:00:00+00:00,24.49861111111111,-56.0,4.3
1999-09-16 00:06:05+00:00,897.0,52.0,49.0,0,1999-09-18 15:00:00+00:00,62.89861111111111,-40.0,4.3
1999-09-16 10:30:26+00:00,883.0,41.0,52.0,0,1999-09-18 15:00:00+00:00,52.492777777777775,-40.0,4.3
1999-09-16 16:54:06+00:00,1021.0,147.0,6.0,0,1999-09-18 15:00:00+00:00,46.098333333333336,-40.0,4.3
1999-09-17 01:54:05+00:00,1029.0,21.0,265.0,0,1999-09-22 01:00:00+00:00,119.09861111111111,-41.0,4.0
1999-09-17 02:54:06+00:00,903.0,28.0,62.0,0,1999-09-22 01:00:00+00:00,118.09833333333333,-41.0,4.0
1999-09-17 12:06:32+00:00,1315.0,69.0,50.0,0,1999-09-22 01:00:00+00:00,108.89111111111112,-41.0,5.0
1999-09-17 14:06:06+00:00,1220.0,24.0,53.0,0,1999-09-22 01:00:00+00:00,106.89833333333333,-41.0,5.0
1999-09-17 20:06:05+00:00,953.0,41.0,36.0,0,1999-09-22 01:00:00+00:00,100.89861111111111,-41.0,6.0
1999-09-18 19:31:20+00:00,987.0,14.0,65.0,0,1999-09-22 23:00:00+00:00,99.47777777777777,-173.0,8.0
1999-09-19 17:18:05+00:00,1144.0,139.0,307.0,0,1999-09-22 23:00:00+00:00,77.6986111111111,-173.0,8.0
1999-09-20 06:06:05+00:00,604.0,360.0,180.0,1,1999-09-22 23:00:00+00:00,64.89861111111111,-173.0,8.0
1999-09-21 03:30:05+00:00,1402.0,125.0,298.0,0,1999-09-22 23:00:00+00:00,43.49861111111111,-173.0,8.0
1999-09-21 03:54:06+00:00,1280.0,92.0,45.0,0,1999-09-22 23:00:00+00:00,43.098333333333336,-173.0,8.0
1999-09-22 13:54:05+00:00,1025.0,51.0,76.0,0,1999-09-23 14:00:00+00:00,24.09861111111111,-86.0,5.3
1999-09-23 15:54:05+00:00,1150.0,77.0,262.0,0,1999-09-27 18:00:00+00:00,98.09861111111111,-64.0,5.7
1999-10-10 22:20:08+00:00,876.0,35.0,81.0,0,1999-10-15 05:00:00+00:00,102.66444444444444,-67.0,5.3
1999-10-13 21:06:46+00:00,926.0,8.0,247.0,0,1999-10-15 05:00:00+00:00,31.88722222222222,-67.0,5.0
1999-10-14 09:26:05+00:00,1250.0,360.0,180.0,1,1999-10-17 12:00:00+00:00,74.56527777777778,-54.0,4.7
1999-10-17 17:50:05+00:00,826.0,13.0,299.0,0,1999-10-22 06:00:00+00:00,108.16527777777777,-237.0,8.0
1999-10-18 02:06:05+00:00,1081.0,26.0,298.0,0,1999-10-22 06:00:00+00:00,99.89861111111111,-237.0,8.0
1999-10-18 14:26:05+00:00,919.0,19.0,299.0,0,1999-10-22 06:00:00+00:00,87.56527777777778,-237.0,8.0
1999-10-23 01:26:51+00:00,1012.0,143.0,305.0,0,1999-10-24 03:00:00+00:00,25.5525,-71.0,4.7
1999-10-24 11:26:07+00:00,1127.0,114.0,293.0,0,1999-10-28 17:00:00+00:00,101.56472222222222,-66.0,5.3
1999-11-06 01:26:05+00:00,960.0,24.0,118.0,0,1999-11-08 14:00:00+00:00,60.56527777777778,-73.0,5.0
1999-11-07 13:39:50+00:00,968.0,25.0,13.0,0,1999-11-08 14:00:00+00:00,24.336111111111112,-73.0,4.7
1999-11-14 00:54:05+00:00,1104.0,41.0,261.0,0,1999-11-16 16:00:00+00:00,63.09861111111111,-79.0,4.3
1999-11-15 14:30:05+00:00,879.0,21.0,277.0,0,1999-11-16 16:00:00+00:00,25.49861111111111,-79.0,4.3
1999-11-16 06:54:05+00:00,1193.0,77.0,270.0,0,1999-11-18 07:00:00+00:00,48.09861111111111,-50.0,4.0
1999-12-12 08:30:05+00:00,720.0,360.0,180.0,1,1999-12-13 09:00:00+00:00,24.49861111111111,-85.0,4.0
1999-12-27 21:08:06+00:00,835.0,95.0,14.0,0,1999-12-31 23:00:00+00:00,97.865,-50.0,5.7
1999-12-30 21:08:07+00:00,1005.0,16.0,28.0,0,1999-12-31 23:00:00+00:00,25.864722222222223,-50.0,5.3
2000-01-04 03:30:05+00:00,1227.0,40.0,309.0,0,2000-01-06 14:00:00+00:00,58.49861111111111,-36.0,4.3
2000-01-04 06:54:05+00:00,826.0,8.0,356.0,0,2000-01-06 14:00:00+00:00,55.09861111111111,-36.0,4.3
2000-01-04 08:06:05+00:00,813.0,9.0,355.0,0,2000-01-06 14:00:00+00:00,53.89861111111111,-36.0,4.3
2000-01-04 11:30:05+00:00,1082.0,10.0,352.0,0,2000-01-06 14:00:00+00:00,50.49861111111111,-36.0,4.3
2000-01-05 01:31:22+00:00,929.0,25.0,295.0,0,2000-01-06 14:00:00+00:00,36.477222222222224,-36.0,4.3
2000-01-05 01:54:06+00:00,1399.0,127.0,352.0,0,2000-01-06 14:00:00+00:00,36.098333333333336,-36.0,4.3
2000-01-18 00:54:05+00:00,911.0,14.0,75.0,0,2000-01-23 00:00:00+00:00,119.09861111111111,-96.0,6.3
2000-01-18 17:54:05+00:00,739.0,360.0,180.0,1,2000-01-23 00:00:00+00:00,102.09861111111111,-96.0,6.3
2000-01-21 11:30:05+00:00,966.0,11.0,81.0,0,2000-01-23 00:00:00+00:00,36.49861111111111,-96.0,6.3
2000-01-21 12:06:05+00:00,838.0,81.0,125.0,0,2000-01-23 00:00:00+00:00,35.89861111111111,-96.0,6.3
2000-01-23 01:31:20+00:00,892.0,65.0,125.0,0,2000-01-24 09:00:00+00:00,31.477777777777778,-50.0,5.0
2000-01-24 07:31:19+00:00,841.0,25.0,146.0,0,2000-01-28 13:00:00+00:00,101.47805555555556,-41.0,5.0
2000-01-26 05:06:06+00:00,856.0,61.0,119.0,0,2000-01-28 13:00:00+00:00,55.89833333333333,-41.0,5.0
2000-01-27 19:31:17+00:00,828.0,360.0,180.0,1,2000-01-29 18:00:00+00:00,46.478611111111114,-32.0,4.7
2000-01-28 07:31:18+00:00,969.0,41.0,139.0,0,2000-01-29 18:00:00+00:00,34.47833333333333,-32.0,4.7
2000-02-03 12:30:05+00:00,735.0,360.0,180.0,1,2000-02-07 02:00:00+00:00,85.49861111111112,-43.0,5.3
2000-02-08 09:30:05+00:00,1079.0,360.0,180.0,1,2000-02-12 11:00:00+00:00,97.49861111111112,-135.0,6.7
2000-02-09 19:54:17+00:00,910.0,360.0,180.0,1,2000-02-12 11:00:00+00:00,63.09527777777778,-135.0,6.7
2000-02-10 02:30:05+00:00,944.0,360.0,180.0,1,2000-02-12 11:00:00+00:00,56.49861111111111,-135.0,6.7
2000-02-11 13:31:25+00:00,521.0,360.0,180.0,1,2000-02-12 17:00:00+00:00,27.476388888888888,-112.0,5.7
2000-02-11 19:31:24+00:00,881.0,19.0,211.0,0,2000-02-12 20:00:00+00:00,24.476666666666667,-96.0,5.3
2000-02-12 04:31:20+00:00,1107.0,360.0,180.0,1,2000-02-14 13:00:00+00:00,56.477777777777774,-68.0,5.3
2000-02-13 07:54:05+00:00,979.0,47.0,217.0,0,2000-02-14 13:00:00+00:00,29.09861111111111,-68.0,5.3
2000-02-13 22:06:05+00:00,846.0,95.0,226.0,0,2000-02-14 23:00:00+00:00,24.898611111111112,-51.0,4.3
2000-02-14 18:54:29+00:00,816.0,50.0,2.0,0,2000-02-16 22:00:00+00:00,51.091944444444444,-31.0,4.3
2000-02-21 20:30:06+00:00,824.0,30.0,104.0,0,2000-02-25 05:00:00+00:00,80.49833333333333,-35.0,4.7
2000-02-22 19:31:21+00:00,935.0,136.0,86.0,0,2000-02-25 05:00:00+00:00,57.4775,-35.0,4.7
2000-02-26 06:06:05+00:00,894.0,10.0,285.0,0,2000-03-01 15:00:00+00:00,104.89861111111111,-44.0,4.7
2000-02-27 23:30:06+00:00,1096.0,18.0,309.0,0,2000-03-01 15:00:00+00:00,63.498333333333335,-44.0,4.7
2000-02-28 02:30:05+00:00,939.0,5.0,250.0,0,2000-03-01 15:00:00+00:00,60.49861111111111,-44.0,4.7
2000-02-28 10:54:05+00:00,404.0,360.0,180.0,1,2000-03-01 15:00:00+00:00,52.09861111111111,-44.0,4.7
2000-02-28 21:54:05+00:00,949.0,16.0,307.0,0,2000-03-01 15:00:00+00:00,41.09861111111111,-44.0,4.7
2000-02-29 04:54:05+00:00,1210.0,27.0,309.0,0,2000-03-01 15:00:00+00:00,34.09861111111111,-44.0,4.7
2000-02-29 15:30:05+00:00,1395.0,53.0,298.0,0,2000-03-01 16:00:00+00:00,24.49861111111111,-39.0,4.7
2000-02-29 15:54:06+00:00,851.0,11.0,245.0,0,2000-03-01 16:00:00+00:00,24.098333333333333,-39.0,4.7
2000-03-01 03:30:05+00:00,529.0,360.0,180.0,1,2000-03-02 04:00:00+00:00,24.49861111111111,-32.0,3.3
2000-03-02 13:54:05+00:00,835.0,76.0,235.0,0,2000-03-07 04:00:00+00:00,110.09861111111111,-37.0,3.7
2000-03-03 02:30:05+00:00,841.0,98.0,233.0,0,2000-03-07 04:00:00+00:00,97.49861111111112,-37.0,3.7
2000-03-03 18:54:05+00:00,878.0,50.0,326.0,0,2000-03-07 04:00:00+00:00,81.09861111111111,-37.0,4.0
2000-03-04 03:57:14+00:00,882.0,60.0,335.0,0,2000-03-08 21:00:00+00:00,113.04611111111112,-51.0,4.0
2000-03-04 09:54:05+00:00,955.0,61.0,351.0,0,2000-03-08 21:00:00+00:00,107.09861111111111,-51.0,4.0
2000-03-05 16:54:05+00:00,846.0,64.0,341.0,0,2000-03-08 21:00:00+00:00,76.09861111111111,-51.0,4.0
2000-03-26 18:30:05+00:00,883.0,23.0,225.0,0,2000-03-31 11:00:00+00:00,112.49861111111112,-59.0,4.7
2000-03-28 16:30:33+00:00,885.0,21.0,27.0,0,2000-03-31 11:00:00+00:00,66.49083333333333,-59.0,4.7
2000-03-29 10:54:30+00:00,949.0,360.0,180.0,1,2000-03-31 11:00:00+00:00,48.09166666666667,-59.0,4.7
2000-04-03 07:31:26+00:00,812.0,14.0,310.0,0,2000-04-07 00:00:00+00:00,88.47611111111111,-292.0,8.7
2000-04-04 16:32:37+00:00,1188.0,360.0,180.0,1,2000-04-07 00:00:00+00:00,55.45638888888889,-292.0,8.7
2000-04-05 00:06:05+00:00,898.0,68.0,212.0,0,2000-04-07 00:00:00+00:00,47.89861111111111,-292.0,8.7
2000-04-05 09:54:05+00:00,889.0,38.0,243.0,0,2000-04-07 00:00:00+00:00,38.09861111111111,-292.0,8.7
2000-04-10 00:30:05+00:00,409.0,360.0,180.0,1,2000-04-11 16:00:00+00:00,39.49861111111111,-41.0,3.7
2000-04-10 08:54:05+00:00,897.0,20.0,252.0,0,2000-04-11 16:00:00+00:00,31.09861111111111,-41.0,3.7
2000-04-22 15:30:05+00:00,1002.0,18.0,79.0,0,2000-04-24 14:00:00+00:00,46.49861111111111,-60.0,5.3
2000-04-23 12:54:05+00:00,1187.0,360.0,180.0,1,2000-04-24 14:00:00+00:00,25.09861111111111,-60.0,5.3
2000-04-27 14:30:05+00:00,1110.0,138.0,298.0,0,2000-05-02 12:00:00+00:00,117.49861111111112,-35.0,4.7
2000-05-01 10:54:05+00:00,1360.0,54.0,323.0,0,2000-05-02 20:00:00+00:00,33.09861111111111,-37.0,5.0
2000-05-02 11:54:05+00:00,877.0,65.0,127.0,0,2000-05-03 21:00:00+00:00,33.09861111111111,-35.0,5.0
2000-05-02 15:06:06+00:00,1278.0,40.0,293.0,0,2000-05-03 21:00:00+00:00,29.898333333333333,-35.0,5.0
2000-05-03 00:50:06+00:00,805.0,14.0,268.0,0,2000-05-04 02:00:00+00:00,25.165,-32.0,3.3
2000-05-07 16:06:07+00:00,1005.0,23.0,259.0,0,2000-05-12 07:00:00+00:00,110.89805555555556,-33.0,4.0
2000-05-07 20:50:07+00:00,1781.0,360.0,180.0,1,2000-05-12 07:00:00+00:00,106.16472222222222,-33.0,4.0
2000-05-11 11:50:05+00:00,875.0,215.0,92.0,0,2000-05-12 13:00:00+00:00,25.165277777777778,-32.0,4.3
2000-05-12 23:26:05+00:00,2604.0,360.0,180.0,1,2000-05-17 05:00:00+00:00,101.56527777777778,-91.0,6.0
2000-05-13 23:26:05+00:00,966.0,46.0,241.0,0,2000-05-17 05:00:00+00:00,77.56527777777778,-91.0,6.0
2000-05-15 05:26:05+00:00,951.0,34.0,56.0,0,2000-05-17 05:00:00+00:00,47.56527777777778,-91.0,6.0
2000-05-15 08:50:05+00:00,1549.0,139.0,60.0,0,2000-05-17 05:00:00+00:00,44.165277777777774,-91.0,6.0
2000-05-15 16:26:05+00:00,1212.0,165.0,257.0,0,2000-05-17 05:00:00+00:00,36.56527777777778,-91.0,6.0
2000-05-20 15:50:05+00:00,1141.0,12.0,73.0,0,2000-05-24 08:00:00+00:00,88.16527777777777,-147.0,8.0
2000-05-22 01:50:05+00:00,649.0,360.0,180.0,1,2000-05-24 08:00:00+00:00,54.165277777777774,-147.0,8.0
2000-05-27 12:30:06+00:00,1097.0,12.0,133.0,0,2000-05-29 21:00:00+00:00,56.498333333333335,-53.0,5.0
2000-05-27 19:31:18+00:00,935.0,97.0,88.0,0,2000-05-29 21:00:00+00:00,49.47833333333333,-53.0,5.0
2000-06-06 15:30:05+00:00,929.0,90.0,6.0,0,2000-06-08 19:00:00+00:00,51.49861111111111,-90.0,7.0
2000-06-06 15:54:05+00:00,1119.0,360.0,180.0,1,2000-06-08 19:00:00+00:00,51.09861111111111,-90.0,7.0
2000-06-07 16:30:05+00:00,842.0,360.0,180.0,1,2000-06-08 19:00:00+00:00,26.49861111111111,-90.0,6.3
2000-06-09 11:30:05+00:00,1024.0,178.0,93.0,0,2000-06-10 15:00:00+00:00,27.49861111111111,-49.0,5.0
2000-06-10 17:08:05+00:00,1108.0,360.0,180.0,1,2000-06-13 12:00:00+00:00,66.86527777777778,-37.0,5.7
2000-06-11 19:31:22+00:00,963.0,57.0,73.0,0,2000-06-13 12:00:00+00:00,40.477222222222224,-37.0,5.7
2000-06-20 04:40:05+00:00,915.0,65.0,322.0,0,2000-06-24 07:00:00+00:00,98.33194444444445,-34.0,5.3
2000-06-23 14:54:05+00:00,847.0,198.0,282.0,0,2000-06-26 17:00:00+00:00,74.09861111111111,-75.0,6.0
2000-06-23 17:54:05+00:00,835.0,47.0,303.0,0,2000-06-26 17:00:00+00:00,71.09861111111111,-75.0,6.0
2000-06-23 23:06:06+00:00,903.0,54.0,287.0,0,2000-06-26 17:00:00+00:00,65.89833333333333,-75.0,6.0
2000-06-25 01:31:54+00:00,905.0,76.0,316.0,0,2000-06-26 17:00:00+00:00,39.468333333333334,-75.0,6.0
2000-06-25 07:54:13+00:00,1617.0,165.0,262.0,0,2000-06-26 17:00:00+00:00,33.09638888888889,-75.0,6.0
2000-06-27 10:54:05+00:00,811.0,132.0,349.0,0,2000-06-29 05:00:00+00:00,42.09861111111111,-39.0,3.3
2000-07-10 21:50:06+00:00,1352.0,289.0,67.0,0,2000-07-15 21:00:00+00:00,119.165,-289.0,9.0
2000-07-11 13:27:23+00:00,1078.0,360.0,180.0,1,2000-07-16 00:00:00+00:00,106.5436111111111,-300.0,9.0
2000-07-12 11:06:05+00:00,1124.0,144.0,20.0,0,2000-07-16 00:00:00+00:00,84.89861111111111,-300.0,9.0
2000-07-12 20:30:05+00:00,820.0,101.0,281.0,0,2000-07-16 00:00:00+00:00,75.49861111111112,-300.0,9.0
2000-07-13 20:30:05+00:00,839.0,62.0,271.0,0,2000-07-16 00:00:00+00:00,51.49861111111111,-300.0,9.0
2000-07-14 10:54:07+00:00,1674.0,360.0,180.0,1,2000-07-16 00:00:00+00:00,37.098055555555554,-300.0,9.0
2000-07-16 05:30:05+00:00,982.0,71.0,158.0,0,2000-07-20 09:00:00+00:00,99.49861111111112,-92.0,6.0
2000-07-16 06:54:06+00:00,816.0,70.0,284.0,0,2000-07-20 09:00:00+00:00,98.09833333333333,-92.0,6.0
2000-07-22 11:54:05+00:00,1230.0,229.0,259.0,0,2000-07-23 22:00:00+00:00,34.09861111111111,-67.0,6.0
2000-07-24 16:54:05+00:00,1246.0,50.0,220.0,0,2000-07-29 11:00:00+00:00,114.09861111111111,-69.0,5.7
2000-07-25 03:30:05+00:00,528.0,360.0,180.0,1,2000-07-29 11:00:00+00:00,103.49861111111112,-69.0,5.7
2000-07-26 02:54:05+00:00,976.0,56.0,300.0,0,2000-07-29 11:00:00+00:00,80.09861111111111,-69.0,5.7
2000-07-27 07:31:53+00:00,1287.0,271.0,63.0,0,2000-07-29 11:00:00+00:00,51.46861111111111,-69.0,5.7
2000-07-27 19:54:06+00:00,905.0,360.0,180.0,1,2000-07-29 11:00:00+00:00,39.098333333333336,-69.0,5.7
2000-07-27 20:06:05+00:00,1119.0,100.0,197.0,0,2000-07-29 11:00:00+00:00,38.89861111111111,-69.0,5.7
2000-07-28 18:30:05+00:00,864.0,163.0,110.0,0,2000-07-29 21:00:00+00:00,26.49861111111111,-42.0,5.3
2000-07-28 21:08:09+00:00,1378.0,73.0,75.0,0,2000-07-29 22:00:00+00:00,24.864166666666666,-41.0,5.3
2000-07-28 22:30:05+00:00,889.0,28.0,102.0,0,2000-08-02 05:00:00+00:00,102.49861111111112,-39.0,5.3
2000-07-29 08:06:05+00:00,1087.0,15.0,332.0,0,2000-08-02 05:00:00+00:00,92.89861111111111,-39.0,5.3
2000-07-30 12:30:05+00:00,932.0,91.0,74.0,0,2000-08-02 05:00:00+00:00,64.49861111111112,-39.0,5.3
2000-08-03 08:30:05+00:00,896.0,218.0,302.0,0,2000-08-06 05:00:00+00:00,68.49861111111112,-55.0,5.0
2000-08-03 17:30:05+00:00,899.0,18.0,140.0,0,2000-08-06 05:00:00+00:00,59.49861111111111,-55.0,5.0
2000-08-07 04:54:06+00:00,904.0,29.0,292.0,0,2000-08-11 06:00:00+00:00,97.09833333333333,-105.0,7.3
2000-08-08 07:31:54+00:00,1131.0,78.0,359.0,0,2000-08-12 09:00:00+00:00,97.46833333333333,-234.0,7.7
2000-08-08 15:54:06+00:00,867.0,143.0,317.0,0,2000-08-12 09:00:00+00:00,89.09833333333333,-234.0,7.7
2000-08-09 16:30:05+00:00,702.0,360.0,180.0,1,2000-08-12 09:00:00+00:00,64.49861111111112,-234.0,7.7
2000-08-11 07:31:25+00:00,1071.0,70.0,273.0,0,2000-08-12 09:00:00+00:00,25.476388888888888,-234.0,7.7
2000-08-12 14:54:05+00:00,876.0,161.0,283.0,0,2000-08-13 15:00:00+00:00,24.09861111111111,-58.0,4.3
2000-08-13 06:06:05+00:00,883.0,154.0,298.0,0,2000-08-14 07:00:00+00:00,24.898611111111112,-37.0,4.3
2000-08-18 04:54:05+00:00,897.0,155.0,230.0,0,2000-08-21 20:00:00+00:00,87.09861111111111,-37.0,3.7
2000-08-18 10:55:04+00:00,1079.0,59.0,106.0,0,2000-08-21 20:00:00+00:00,81.08222222222223,-37.0,3.7
2000-08-22 00:30:07+00:00,959.0,107.0,307.0,0,2000-08-23 11:00:00+00:00,34.49805555555555,-31.0,3.3
2000-08-31 05:30:05+00:00,819.0,10.0,151.0,0,2000-09-02 14:00:00+00:00,56.49861111111111,-56.0,5.7
2000-09-02 09:30:15+00:00,845.0,46.0,210.0,0,2000-09-04 23:00:00+00:00,61.49583333333333,-36.0,5.7
2000-09-04 06:06:05+00:00,849.0,145.0,327.0,0,2000-09-08 15:00:00+00:00,104.89861111111111,-47.0,4.0
2000-09-08 04:54:05+00:00,832.0,21.0,225.0,0,2000-09-12 19:00:00+00:00,110.09861111111111,-73.0,4.3
2000-09-09 22:51:14+00:00,954.0,17.0,224.0,0,2000-09-12 19:00:00+00:00,68.14611111111111,-73.0,4.3
2000-09-12 11:54:05+00:00,1550.0,360.0,180.0,1,2000-09-16 23:00:00+00:00,107.09861111111111,-68.0,6.3
2000-09-12 17:30:05+00:00,1053.0,360.0,180.0,1,2000-09-16 23:00:00+00:00,101.49861111111112,-68.0,6.3
2000-09-13 17:30:05+00:00,1048.0,40.0,56.0,0,2000-09-17 23:00:00+00:00,101.49861111111112,-201.0,8.3
2000-09-15 21:50:07+00:00,257.0,360.0,180.0,1,2000-09-17 23:00:00+00:00,49.164722222222224,-201.0,8.3
2000-09-16 05:18:14+00:00,1215.0,360.0,180.0,1,2000-09-17 23:00:00+00:00,41.69611111111111,-201.0,8.3
2000-09-16 13:50:05+00:00,1056.0,100.0,198.0,0,2000-09-17 23:00:00+00:00,33.165277777777774,-201.0,8.3
2000-09-20 13:50:05+00:00,1009.0,11.0,156.0,0,2000-09-24 22:00:00+00:00,104.16527777777777,-38.0,5.0
2000-09-22 05:06:06+00:00,801.0,12.0,289.0,0,2000-09-26 02:00:00+00:00,92.89833333333333,-55.0,5.0
2000-09-23 10:26:09+00:00,1002.0,25.0,126.0,0,2000-09-26 02:00:00+00:00,63.564166666666665,-55.0,5.0
2000-09-25 02:50:05+00:00,587.0,360.0,180.0,1,2000-09-26 03:00:00+00:00,24.165277777777778,-53.0,4.3
2000-09-27 01:50:05+00:00,820.0,136.0,348.0,0,2000-09-30 14:00:00+00:00,84.16527777777777,-75.0,6.3
2000-09-27 03:26:05+00:00,816.0,44.0,309.0,0,2000-09-30 14:00:00+00:00,82.56527777777778,-75.0,6.3
2000-10-02 03:50:05+00:00,525.0,360.0,180.0,1,2000-10-05 13:00:00+00:00,81.16527777777777,-181.0,7.7
2000-10-02 07:27:29+00:00,1036.0,20.0,262.0,0,2000-10-05 13:00:00+00:00,77.54194444444444,-181.0,7.7
2000-10-02 20:26:05+00:00,569.0,360.0,180.0,1,2000-10-05 13:00:00+00:00,64.56527777777778,-181.0,7.7
2000-10-05 04:50:05+00:00,815.0,7.0,70.0,0,2000-10-06 05:00:00+00:00,24.165277777777778,-85.0,2.3
2000-10-05 18:26:05+00:00,1046.0,86.0,323.0,0,2000-10-06 19:00:00+00:00,24.565277777777776,-48.0,3.0
2000-10-06 01:50:06+00:00,1012.0,13.0,71.0,0,2000-10-07 07:00:00+00:00,29.165,-44.0,4.0
2000-10-07 17:50:05+00:00,919.0,8.0,79.0,0,2000-10-11 06:00:00+00:00,84.16527777777777,-46.0,4.7
2000-10-10 00:26:05+00:00,506.0,360.0,180.0,1,2000-10-14 14:00:00+00:00,109.56527777777778,-106.0,6.7
2000-10-22 00:50:07+00:00,1024.0,236.0,103.0,0,2000-10-23 07:00:00+00:00,30.164722222222224,-53.0,4.0
2000-10-24 08:26:05+00:00,800.0,360.0,180.0,1,2000-10-29 03:00:00+00:00,114.56527777777778,-126.0,6.0
2000-10-25 08:26:05+00:00,770.0,360.0,180.0,1,2000-10-29 03:00:00+00:00,90.56527777777778,-126.0,6.0
2000-10-26 05:26:07+00:00,887.0,33.0,282.0,0,2000-10-29 03:00:00+00:00,69.56472222222222,-126.0,6.0
2000-10-26 07:50:05+00:00,930.0,32.0,292.0,0,2000-10-29 03:00:00+00:00,67.16527777777777,-126.0,6.0
2000-10-26 11:50:05+00:00,964.0,97.0,321.0,0,2000-10-29 03:00:00+00:00,63.165277777777774,-126.0,6.0
2000-11-01 16:26:08+00:00,801.0,360.0,180.0,1,2000-11-06 15:00:00+00:00,118.56444444444445,-80.0,5.7
2000-11-03 18:26:06+00:00,291.0,360.0,180.0,1,2000-11-06 21:00:00+00:00,74.565,-159.0,7.0
2000-11-04 17:26:06+00:00,821.0,6.0,112.0,0,2000-11-06 21:00:00+00:00,51.565,-159.0,7.0
2000-11-08 04:50:23+00:00,474.0,360.0,180.0,1,2000-11-10 12:00:00+00:00,55.16027777777778,-95.0,6.3
2000-11-08 23:06:05+00:00,1738.0,170.0,271.0,0,2000-11-10 12:00:00+00:00,36.89861111111111,-95.0,6.3
2000-11-10 19:51:25+00:00,885.0,54.0,247.0,0,2000-11-12 04:00:00+00:00,32.143055555555556,-40.0,4.0
2000-11-20 10:31:35+00:00,834.0,94.0,91.0,0,2000-11-24 22:00:00+00:00,107.47361111111111,-32.0,3.7
2000-11-21 06:54:05+00:00,1059.0,31.0,75.0,0,2000-11-24 22:00:00+00:00,87.09861111111111,-32.0,3.7
2000-11-21 13:31:53+00:00,858.0,14.0,238.0,0,2000-11-24 22:00:00+00:00,80.46861111111112,-32.0,4.0
2000-11-21 14:54:05+00:00,1103.0,35.0,67.0,0,2000-11-24 22:00:00+00:00,79.09861111111111,-32.0,4.0
2000-11-23 06:06:05+00:00,492.0,360.0,180.0,1,2000-11-27 01:00:00+00:00,90.89861111111111,-79.0,6.3
2000-11-23 21:30:08+00:00,1198.0,148.0,124.0,0,2000-11-27 01:00:00+00:00,75.49777777777778,-79.0,6.3
2000-11-24 05:30:05+00:00,1289.0,360.0,180.0,1,2000-11-29 04:00:00+00:00,118.49861111111112,-84.0,6.7
2000-11-24 07:54:50+00:00,819.0,50.0,342.0,0,2000-11-29 07:00:00+00:00,119.08611111111111,-90.0,6.7
2000-11-24 15:30:05+00:00,1245.0,360.0,180.0,1,2000-11-29 13:00:00+00:00,117.49861111111112,-119.0,6.7
2000-11-24 22:06:05+00:00,1005.0,360.0,180.0,1,2000-11-29 13:00:00+00:00,110.89861111111111,-119.0,6.7
2000-11-25 01:31:58+00:00,2519.0,360.0,180.0,1,2000-11-29 13:00:00+00:00,107.46722222222222,-119.0,6.7
2000-11-25 09:30:17+00:00,675.0,360.0,180.0,1,2000-11-29 13:00:00+00:00,99.49527777777777,-119.0,6.7
2000-11-25 19:31:57+00:00,671.0,360.0,180.0,1,2000-11-29 13:00:00+00:00,89.4675,-119.0,6.7
2000-11-26 06:30:05+00:00,984.0,227.0,286.0,0,2000-11-29 13:00:00+00:00,78.49861111111112,-119.0,6.7
2000-11-26 17:06:05+00:00,980.0,360.0,180.0,1,2000-11-29 13:00:00+00:00,67.89861111111111,-119.0,6.7
2000-12-18 11:50:05+00:00,510.0,360.0,180.0,1,2000-12-23 04:00:00+00:00,112.16527777777777,-62.0,5.7
2000-12-20 10:30:05+00:00,1076.0,126.0,127.0,0,2000-12-23 04:00:00+00:00,65.49861111111112,-62.0,5.7
2000-12-22 03:54:35+00:00,889.0,51.0,79.0,0,2000-12-23 04:00:00+00:00,24.09027777777778,-62.0,5.7
2000-12-31 06:18:06+00:00,839.0,37.0,169.0,0,2001-01-03 05:00:00+00:00,70.69833333333334,-35.0,3.7
2001-01-10 00:54:05+00:00,832.0,360.0,180.0,1,2001-01-12 10:00:00+00:00,57.09861111111111,-30.0,3.3
2001-01-20 19:31:50+00:00,839.0,360.0,180.0,1,2001-01-24 18:00:00+00:00,94.46944444444445,-61.0,4.7
2001-01-20 21:30:08+00:00,1507.0,360.0,180.0,1,2001-01-24 18:00:00+00:00,92.49777777777778,-61.0,4.7
2001-01-23 04:54:05+00:00,283.0,360.0,180.0,1,2001-01-24 18:00:00+00:00,37.09861111111111,-61.0,4.7
2001-01-26 12:06:05+00:00,928.0,176.0,276.0,0,2001-01-31 11:00:00+00:00,118.89861111111111,-37.0,5.0
2001-01-28 15:54:05+00:00,916.0,360.0,180.0,1,2001-01-31 18:00:00+00:00,74.09861111111111,-45.0,4.0
2001-01-29 13:54:06+00:00,982.0,16.0,248.0,0,2001-01-31 18:00:00+00:00,52.098333333333336,-45.0,4.0
2001-02-02 14:54:05+00:00,438.0,360.0,180.0,1,2001-02-06 08:00:00+00:00,89.09861111111111,-31.0,4.3
2001-02-02 19:54:05+00:00,845.0,153.0,67.0,0,2001-02-06 08:00:00+00:00,84.09861111111111,-31.0,4.3
2001-02-10 05:54:05+00:00,956.0,360.0,180.0,1,2001-02-13 21:00:00+00:00,87.09861111111111,-50.0,4.7
2001-02-11 01:31:48+00:00,1183.0,360.0,180.0,1,2001-02-13 21:00:00+00:00,67.47,-50.0,4.7
2001-02-26 05:30:05+00:00,851.0,152.0,246.0,0,2001-02-27 08:00:00+00:00,26.49861111111111,-37.0,3.3
2001-03-04 05:50:05+00:00,897.0,46.0,41.0,0,2001-03-05 08:00:00+00:00,26.165277777777778,-53.0,4.3
2001-03-18 02:26:05+00:00,752.0,360.0,180.0,1,2001-03-20 13:00:00+00:00,58.56527777777778,-149.0,7.3
2001-03-19 05:26:05+00:00,389.0,360.0,180.0,1,2001-03-20 13:00:00+00:00,31.565277777777776,-149.0,7.3
2001-03-19 18:26:05+00:00,879.0,148.0,241.0,0,2001-03-20 19:00:00+00:00,24.565277777777776,-130.0,5.0
2001-03-20 08:06:06+00:00,1130.0,112.0,226.0,0,2001-03-23 16:00:00+00:00,79.89833333333333,-75.0,5.0
2001-03-24 20:50:05+00:00,906.0,360.0,180.0,1,2001-03-28 15:00:00+00:00,90.16527777777777,-87.0,6.3
2001-03-25 17:06:05+00:00,677.0,360.0,180.0,1,2001-03-28 15:00:00+00:00,69.89861111111111,-87.0,6.3
2001-03-28 01:27:27+00:00,427.0,360.0,180.0,1,2001-03-31 08:00:00+00:00,78.5425,-387.0,8.7
2001-03-28 12:50:05+00:00,519.0,360.0,180.0,1,2001-03-31 08:00:00+00:00,67.16527777777777,-387.0,8.7
2001-03-29 10:26:05+00:00,942.0,360.0,180.0,1,2001-03-31 08:00:00+00:00,45.56527777777778,-387.0,8.7
2001-03-30 02:50:05+00:00,880.0,21.0,233.0,0,2001-03-31 08:00:00+00:00,29.165277777777778,-387.0,8.7
2001-03-30 03:26:06+00:00,1072.0,38.0,132.0,0,2001-03-31 08:00:00+00:00,28.565,-387.0,8.7
2001-04-01 11:26:06+00:00,1475.0,360.0,180.0,1,2001-04-02 15:00:00+00:00,27.565,-66.0,5.3
2001-04-02 11:26:05+00:00,992.0,80.0,270.0,0,2001-04-05 07:00:00+00:00,67.56527777777778,-50.0,5.3
2001-04-02 22:06:07+00:00,2505.0,244.0,261.0,0,2001-04-05 07:00:00+00:00,56.89805555555556,-50.0,5.3
2001-04-03 02:26:05+00:00,1069.0,45.0,257.0,0,2001-04-05 07:00:00+00:00,52.56527777777778,-50.0,5.3
2001-04-03 03:26:05+00:00,1613.0,292.0,108.0,0,2001-04-05 07:00:00+00:00,51.56527777777778,-50.0,5.3
2001-04-03 18:50:05+00:00,903.0,67.0,35.0,0,2001-04-08 15:00:00+00:00,116.16527777777777,-59.0,7.0
2001-04-03 19:50:05+00:00,1025.0,165.0,130.0,0,2001-04-08 15:00:00+00:00,115.16527777777777,-59.0,7.0
2001-04-04 05:26:06+00:00,958.0,68.0,84.0,0,2001-04-08 15:00:00+00:00,105.565,-59.0,7.0
2001-04-04 08:26:05+00:00,815.0,30.0,288.0,0,2001-04-09 06:00:00+00:00,117.56527777777778,-63.0,7.0
2001-04-04 09:50:05+00:00,1065.0,89.0,86.0,0,2001-04-09 06:00:00+00:00,116.16527777777777,-63.0,7.0
2001-04-04 16:50:05+00:00,843.0,55.0,283.0,0,2001-04-09 06:00:00+00:00,109.16527777777777,-63.0,7.0
2001-04-05 02:06:06+00:00,1857.0,52.0,285.0,0,2001-04-09 06:00:00+00:00,99.89833333333333,-63.0,7.0
2001-04-05 09:06:06+00:00,1750.0,205.0,283.0,0,2001-04-09 06:00:00+00:00,92.89833333333333,-63.0,7.0
2001-04-05 17:06:05+00:00,1390.0,360.0,180.0,1,2001-04-09 06:00:00+00:00,84.89861111111111,-63.0,7.0
2001-04-06 17:42:57+00:00,813.0,55.0,165.0,0,2001-04-11 17:00:00+00:00,119.28416666666666,-84.0,8.0
2001-04-06 19:30:02+00:00,1270.0,360.0,180.0,1,2001-04-11 18:00:00+00:00,118.49944444444445,-105.0,8.0
2001-04-07 17:17:35+00:00,2198.0,152.0,275.0,0,2001-04-11 23:00:00+00:00,101.70694444444445,-271.0,8.3
2001-04-09 15:54:02+00:00,1192.0,360.0,180.0,1,2001-04-11 23:00:00+00:00,55.099444444444444,-271.0,8.3
2001-04-09 20:06:31+00:00,807.0,96.0,220.0,0,2001-04-11 23:00:00+00:00,50.89138888888889,-271.0,8.3
2001-04-10 05:30:00+00:00,2411.0,360.0,180.0,1,2001-04-11 23:00:00+00:00,41.5,-271.0,8.3
2001-04-11 00:54:05+00:00,939.0,69.0,242.0,0,2001-04-12 01:00:00+00:00,24.09861111111111,-215.0,7.3
2001-04-11 06:30:05+00:00,858.0,72.0,243.0,0,2001-04-12 07:00:00+00:00,24.49861111111111,-155.0,7.3
2001-04-11 13:31:48+00:00,1103.0,360.0,180.0,1,2001-04-12 14:00:00+00:00,24.47,-109.0,7.3
2001-04-11 17:30:05+00:00,1145.0,74.0,79.0,0,2001-04-12 18:00:00+00:00,24.49861111111111,-91.0,7.3
2001-04-12 10:31:29+00:00,1184.0,360.0,180.0,1,2001-04-13 15:00:00+00:00,28.475277777777777,-77.0,7.3
2001-04-14 17:54:05+00:00,830.0,113.0,263.0,0,2001-04-18 06:00:00+00:00,84.09861111111111,-114.0,7.3
2001-04-15 14:06:31+00:00,1199.0,167.0,245.0,0,2001-04-18 06:00:00+00:00,63.89138888888889,-114.0,7.3
2001-04-18 02:30:05+00:00,2465.0,360.0,180.0,1,2001-04-22 15:00:00+00:00,108.49861111111112,-102.0,6.3
2001-04-20 10:06:05+00:00,1160.0,127.0,65.0,0,2001-04-22 15:00:00+00:00,52.89861111111111,-102.0,6.3
2001-04-21 08:21:53+00:00,930.0,75.0,86.0,0,2001-04-22 15:00:00+00:00,30.635277777777777,-102.0,6.3
2001-04-21 13:27:13+00:00,966.0,238.0,190.0,0,2001-04-22 15:00:00+00:00,25.546388888888888,-102.0,6.3
2001-04-22 21:26:11+00:00,993.0,51.0,292.0,0,2001-04-24 06:00:00+00:00,32.56361111111111,-40.0,2.7
2001-04-24 06:06:06+00:00,943.0,47.0,286.0,0,2001-04-29 02:00:00+00:00,115.89833333333333,-47.0,6.0
2001-04-24 22:06:05+00:00,864.0,89.0,64.0,0,2001-04-29 02:00:00+00:00,99.89861111111111,-47.0,6.0
2001-04-24 23:30:06+00:00,907.0,44.0,279.0,0,2001-04-29 02:00:00+00:00,98.49833333333333,-47.0,6.0
2001-04-25 14:06:06+00:00,856.0,97.0,280.0,0,2001-04-29 02:00:00+00:00,83.89833333333333,-47.0,6.0
2001-04-26 12:30:05+00:00,1006.0,360.0,180.0,1,2001-04-29 02:00:00+00:00,61.49861111111111,-47.0,6.0
2001-04-26 13:31:44+00:00,844.0,56.0,271.0,0,2001-04-29 02:00:00+00:00,60.471111111111114,-47.0,6.0
2001-05-07 12:06:06+00:00,1223.0,205.0,286.0,0,2001-05-10 01:00:00+00:00,60.89833333333333,-76.0,5.3
2001-05-09 20:30:05+00:00,860.0,32.0,91.0,0,2001-05-11 23:00:00+00:00,50.49861111111111,-48.0,5.3
2001-05-10 01:31:40+00:00,1056.0,198.0,246.0,0,2001-05-11 23:00:00+00:00,45.47222222222222,-48.0,5.3
2001-05-24 06:26:05+00:00,875.0,46.0,286.0,0,2001-05-28 18:00:00+00:00,107.56527777777778,-42.0,4.3
2001-05-25 17:26:06+00:00,930.0,208.0,90.0,0,2001-05-28 18:00:00+00:00,72.565,-42.0,4.3
2001-06-05 05:06:05+00:00,836.0,150.0,117.0,0,2001-06-09 21:00:00+00:00,111.89861111111111,-36.0,5.7
2001-06-07 01:54:05+00:00,918.0,31.0,99.0,0,2001-06-09 21:00:00+00:00,67.09861111111111,-36.0,5.7
2001-06-08 11:54:05+00:00,1355.0,58.0,121.0,0,2001-06-09 21:00:00+00:00,33.09861111111111,-36.0,5.7
2001-06-08 15:30:05+00:00,972.0,75.0,308.0,0,2001-06-09 21:00:00+00:00,29.49861111111111,-36.0,5.7
2001-06-13 11:54:05+00:00,1109.0,44.0,120.0,0,2001-06-18 08:00:00+00:00,116.09861111111111,-61.0,5.0
2001-06-14 12:54:05+00:00,977.0,42.0,125.0,0,2001-06-18 08:00:00+00:00,91.09861111111111,-61.0,5.3
2001-06-15 10:31:33+00:00,1090.0,119.0,185.0,0,2001-06-18 08:00:00+00:00,69.47416666666666,-61.0,5.3
2001-06-15 15:56:27+00:00,1701.0,360.0,180.0,1,2001-06-18 08:00:00+00:00,64.05916666666667,-61.0,5.3
2001-06-18 00:05:05+00:00,1108.0,26.0,132.0,0,2001-06-19 01:00:00+00:00,24.915277777777778,-46.0,3.7
2001-06-18 22:46:55+00:00,1301.0,59.0,217.0,0,2001-06-21 19:00:00+00:00,68.21805555555555,-30.0,3.7
2001-06-19 03:54:05+00:00,817.0,58.0,292.0,0,2001-06-21 19:00:00+00:00,63.09861111111111,-30.0,3.7
2001-06-20 00:30:05+00:00,849.0,62.0,216.0,0,2001-06-21 19:00:00+00:00,42.49861111111111,-30.0,3.7
2001-06-20 04:06:06+00:00,852.0,81.0,300.0,0,2001-06-21 19:00:00+00:00,38.89833333333333,-30.0,3.7
2001-06-20 08:09:00+00:00,936.0,72.0,59.0,0,2001-06-21 19:00:00+00:00,34.85,-30.0,3.7
2001-07-05 05:54:05+00:00,963.0,14.0,122.0,0,2001-07-09 01:00:00+00:00,91.09861111111111,-32.0,5.0
2001-07-28 13:54:06+00:00,953.0,26.0,282.0,0,2001-07-31 06:00:00+00:00,64.09833333333333,-35.0,5.0
2001-08-09 21:30:08+00:00,909.0,100.0,125.0,0,2001-08-13 04:00:00+00:00,78.49777777777778,-32.0,5.3
2001-08-12 01:31:48+00:00,861.0,27.0,248.0,0,2001-08-13 04:00:00+00:00,26.47,-32.0,5.3
2001-08-14 16:01:28+00:00,618.0,360.0,180.0,1,2001-08-17 21:00:00+00:00,76.97555555555556,-105.0,7.0
2001-08-15 23:54:05+00:00,1575.0,360.0,180.0,1,2001-08-17 21:00:00+00:00,45.09861111111111,-105.0,7.0
2001-08-16 10:32:50+00:00,928.0,59.0,272.0,0,2001-08-17 21:00:00+00:00,34.452777777777776,-105.0,7.0
2001-08-17 08:06:05+00:00,1003.0,30.0,133.0,0,2001-08-18 09:00:00+00:00,24.898611111111112,-56.0,3.7
2001-08-17 15:30:05+00:00,937.0,24.0,287.0,0,2001-08-18 23:00:00+00:00,31.49861111111111,-35.0,4.0
2001-08-19 06:06:05+00:00,556.0,360.0,180.0,1,2001-08-22 20:00:00+00:00,85.89861111111111,-33.0,4.3
2001-08-29 12:06:05+00:00,866.0,11.0,267.0,0,2001-08-31 09:00:00+00:00,44.89861111111111,-40.0,4.0
2001-08-31 16:11:33+00:00,310.0,360.0,180.0,1,2001-09-04 05:00:00+00:00,84.8075,-32.0,4.3
2001-09-01 04:00:05+00:00,819.0,26.0,213.0,0,2001-09-04 05:00:00+00:00,72.99861111111112,-32.0,4.3
2001-09-09 14:54:07+00:00,967.0,143.0,98.0,0,2001-09-13 07:00:00+00:00,88.09805555555556,-57.0,4.7
2001-09-11 14:54:05+00:00,791.0,360.0,180.0,1,2001-09-13 07:00:00+00:00,40.09861111111111,-57.0,4.7
2001-09-18 21:18:24+00:00,451.0,360.0,180.0,1,2001-09-23 18:00:00+00:00,116.69333333333333,-73.0,6.0
2001-09-21 03:54:07+00:00,436.0,360.0,180.0,1,2001-09-26 01:00:00+00:00,117.09805555555556,-102.0,7.3
2001-09-23 20:30:05+00:00,478.0,360.0,180.0,1,2001-09-26 01:00:00+00:00,52.49861111111111,-102.0,7.3
2001-09-24 10:30:59+00:00,2402.0,360.0,180.0,1,2001-09-26 01:00:00+00:00,38.48361111111111,-102.0,7.3
2001-09-28 08:54:34+00:00,846.0,360.0,180.0,1,2001-10-01 08:00:00+00:00,71.09055555555555,-148.0,6.7
2001-09-30 10:34:01+00:00,804.0,31.0,227.0,0,2001-10-03 14:00:00+00:00,75.43305555555555,-166.0,7.0
2001-10-01 05:30:05+00:00,1405.0,360.0,180.0,1,2001-10-03 14:00:00+00:00,56.49861111111111,-166.0,7.0
2001-10-01 12:54:05+00:00,902.0,49.0,208.0,0,2001-10-03 14:00:00+00:00,49.09861111111111,-166.0,7.0
2001-10-02 12:30:05+00:00,1030.0,50.0,242.0,0,2001-10-03 14:00:00+00:00,25.49861111111111,-166.0,6.7
2001-10-03 12:30:05+00:00,834.0,44.0,246.0,0,2001-10-04 13:00:00+00:00,24.49861111111111,-70.0,3.7
2001-10-04 06:54:05+00:00,1029.0,48.0,250.0,0,2001-10-08 23:00:00+00:00,112.09861111111111,-48.0,4.7
2001-10-04 17:06:07+00:00,838.0,28.0,250.0,0,2001-10-09 15:00:00+00:00,117.89805555555556,-64.0,4.7
2001-10-05 10:30:27+00:00,1537.0,360.0,180.0,1,2001-10-09 15:00:00+00:00,100.4925,-64.0,4.7
2001-10-08 08:30:05+00:00,845.0,138.0,84.0,0,2001-10-12 12:00:00+00:00,99.49861111111112,-71.0,6.0
2001-10-09 11:30:05+00:00,973.0,360.0,180.0,1,2001-10-12 12:00:00+00:00,72.49861111111112,-71.0,6.0
2001-10-19 01:27:17+00:00,558.0,360.0,180.0,1,2001-10-21 21:00:00+00:00,67.54527777777778,-187.0,7.7
2001-10-19 16:50:05+00:00,901.0,360.0,180.0,1,2001-10-21 21:00:00+00:00,52.165277777777774,-187.0,7.7
2001-10-20 02:26:05+00:00,764.0,360.0,180.0,1,2001-10-21 21:00:00+00:00,42.56527777777778,-187.0,7.7
2001-10-22 15:06:05+00:00,1336.0,360.0,180.0,1,2001-10-23 16:00:00+00:00,24.898611111111112,-81.0,3.0
2001-10-25 15:26:05+00:00,1092.0,360.0,180.0,1,2001-10-28 11:00:00+00:00,67.56527777777778,-157.0,6.7
2001-11-01 14:30:05+00:00,1053.0,195.0,115.0,0,2001-11-06 06:00:00+00:00,111.49861111111112,-292.0,8.7
2001-11-01 22:30:05+00:00,453.0,360.0,180.0,1,2001-11-06 06:00:00+00:00,103.49861111111112,-292.0,8.7
2001-11-03 19:20:05+00:00,457.0,360.0,180.0,1,2001-11-06 06:00:00+00:00,58.665277777777774,-292.0,8.7
2001-11-04 16:35:06+00:00,1810.0,360.0,180.0,1,2001-11-06 06:00:00+00:00,37.415,-292.0,8.7
2001-11-05 09:43:25+00:00,967.0,40.0,252.0,0,2001-11-06 10:00:00+00:00,24.27638888888889,-235.0,6.7
2001-11-17 05:30:06+00:00,1379.0,360.0,180.0,1,2001-11-19 15:00:00+00:00,57.498333333333335,-48.0,4.3
2001-11-18 21:30:08+00:00,888.0,360.0,180.0,1,2001-11-23 02:00:00+00:00,100.49777777777778,-42.0,4.0
2001-11-21 14:06:05+00:00,518.0,360.0,180.0,1,2001-11-24 16:00:00+00:00,73.89861111111111,-221.0,8.3
2001-11-22 20:30:33+00:00,1443.0,360.0,180.0,1,2001-11-24 16:00:00+00:00,43.490833333333335,-221.0,8.3
2001-11-22 23:30:05+00:00,1437.0,360.0,180.0,1,2001-11-24 16:00:00+00:00,40.49861111111111,-221.0,8.3
2001-11-23 00:54:05+00:00,806.0,71.0,197.0,0,2001-11-24 16:00:00+00:00,39.09861111111111,-221.0,8.3
2001-11-25 23:06:54+00:00,1574.0,182.0,104.0,0,2001-11-27 01:00:00+00:00,25.885,-55.0,1.3
2001-12-04 20:29:18+00:00,827.0,19.0,240.0,0,2001-12-06 01:00:00+00:00,28.511666666666667,-32.0,3.3
2001-12-11 08:30:05+00:00,804.0,142.0,23.0,0,2001-12-13 01:00:00+00:00,40.49861111111111,-39.0,3.3
2001-12-11 09:54:07+00:00,891.0,121.0,263.0,0,2001-12-13 01:00:00+00:00,39.098055555555554,-39.0,3.3
2001-12-12 23:30:05+00:00,941.0,18.0,215.0,0,2001-12-17 21:00:00+00:00,117.49861111111112,-39.0,3.7
2001-12-13 14:54:06+00:00,864.0,360.0,180.0,1,2001-12-17 21:00:00+00:00,102.09833333333333,-39.0,3.7
2001-12-14 09:06:06+00:00,1506.0,360.0,180.0,1,2001-12-17 21:00:00+00:00,83.89833333333333,-39.0,3.7
2001-12-17 03:30:05+00:00,812.0,6.0,264.0,0,2001-12-21 22:00:00+00:00,114.49861111111112,-67.0,4.0
2001-12-18 18:30:05+00:00,1025.0,103.0,255.0,0,2001-12-21 22:00:00+00:00,75.49861111111112,-67.0,4.0
2001-12-24 00:54:05+00:00,881.0,84.0,101.0,0,2001-12-26 01:00:00+00:00,48.09861111111111,-40.0,3.0
2001-12-24 14:30:05+00:00,963.0,49.0,87.0,0,2001-12-26 01:00:00+00:00,34.49861111111111,-40.0,4.0
2001-12-25 11:30:05+00:00,1773.0,360.0,180.0,1,2001-12-30 05:00:00+00:00,113.49861111111112,-58.0,4.7
2001-12-26 05:30:05+00:00,1446.0,212.0,281.0,0,2001-12-30 05:00:00+00:00,95.49861111111112,-58.0,4.7
2001-12-27 17:30:05+00:00,843.0,100.0,260.0,0,2001-12-30 05:00:00+00:00,59.49861111111111,-58.0,4.7
2001-12-28 11:30:05+00:00,838.0,95.0,55.0,0,2001-12-30 05:00:00+00:00,41.49861111111111,-58.0,4.7
2001-12-28 20:30:05+00:00,2216.0,360.0,180.0,1,2001-12-30 05:00:00+00:00,32.49861111111111,-58.0,4.7
2001-12-29 20:30:06+00:00,819.0,211.0,297.0,0,2002-01-01 08:00:00+00:00,59.498333333333335,-48.0,4.7
2001-12-30 23:30:05+00:00,457.0,360.0,180.0,1,2002-01-01 08:00:00+00:00,32.49861111111111,-48.0,2.7
2002-01-08 17:54:05+00:00,1794.0,360.0,180.0,1,2002-01-11 06:00:00+00:00,60.09861111111111,-72.0,5.0
2002-01-11 02:06:05+00:00,990.0,13.0,121.0,0,2002-01-12 07:00:00+00:00,28.898611111111112,-47.0,3.7
2002-02-21 12:54:05+00:00,1024.0,53.0,94.0,0,2002-02-26 07:00:00+00:00,114.09861111111111,-31.0,3.0
2002-02-26 06:30:05+00:00,872.0,21.0,45.0,0,2002-03-01 01:00:00+00:00,66.49861111111112,-71.0,6.0
2002-03-02 15:06:07+00:00,1131.0,149.0,124.0,0,2002-03-03 23:00:00+00:00,31.898055555555555,-46.0,4.3
2002-03-14 07:54:05+00:00,844.0,41.0,26.0,0,2002-03-19 06:00:00+00:00,118.09861111111111,-37.0,5.3
2002-03-14 17:06:06+00:00,907.0,360.0,180.0,1,2002-03-19 06:00:00+00:00,108.89833333333333,-37.0,5.3
2002-03-15 11:30:06+00:00,1050.0,148.0,305.0,0,2002-03-19 06:00:00+00:00,90.49833333333333,-37.0,5.3
2002-03-15 23:06:06+00:00,957.0,360.0,180.0,1,2002-03-19 06:00:00+00:00,78.89833333333333,-37.0,5.3
2002-03-17 10:34:00+00:00,989.0,187.0,182.0,0,2002-03-19 06:00:00+00:00,43.43333333333333,-37.0,5.3
2002-03-17 20:06:05+00:00,823.0,153.0,184.0,0,2002-03-19 06:00:00+00:00,33.89861111111111,-37.0,5.3
2002-03-18 02:54:06+00:00,989.0,360.0,180.0,1,2002-03-19 06:00:00+00:00,27.098333333333333,-37.0,5.3
2002-03-19 11:54:05+00:00,885.0,194.0,287.0,0,2002-03-24 09:00:00+00:00,117.09861111111111,-100.0,6.0
2002-03-20 17:54:05+00:00,603.0,360.0,180.0,1,2002-03-24 09:00:00+00:00,87.09861111111111,-100.0,6.0
2002-03-20 23:54:05+00:00,1075.0,160.0,242.0,0,2002-03-24 09:00:00+00:00,81.09861111111111,-100.0,6.0
2002-03-22 11:06:05+00:00,1750.0,360.0,180.0,1,2002-03-24 09:00:00+00:00,45.89861111111111,-100.0,6.0
2002-03-22 12:30:06+00:00,875.0,120.0,243.0,0,2002-03-24 09:00:00+00:00,44.498333333333335,-100.0,6.0
2002-03-26 13:31:45+00:00,816.0,140.0,240.0,0,2002-03-30 18:00:00+00:00,100.47083333333333,-38.0,4.3
2002-03-28 08:30:05+00:00,899.0,73.0,232.0,0,2002-04-02 08:00:00+00:00,119.49861111111112,-41.0,4.3
2002-03-28 13:31:42+00:00,817.0,59.0,250.0,0,2002-04-02 08:00:00+00:00,114.47166666666666,-41.0,4.3
2002-03-30 06:05:07+00:00,1056.0,44.0,111.0,0,2002-04-02 08:00:00+00:00,73.91472222222222,-41.0,4.3
2002-03-30 10:42:45+00:00,1033.0,43.0,226.0,0,2002-04-02 08:00:00+00:00,69.2875,-41.0,4.3
2002-03-30 14:25:05+00:00,916.0,28.0,216.0,0,2002-04-02 08:00:00+00:00,65.58194444444445,-41.0,4.3
2002-03-31 06:20:05+00:00,879.0,73.0,278.0,0,2002-04-02 08:00:00+00:00,49.665277777777774,-41.0,4.3
2002-03-31 09:05:05+00:00,838.0,24.0,206.0,0,2002-04-02 08:00:00+00:00,46.915277777777774,-41.0,4.3
2002-03-31 16:20:05+00:00,804.0,22.0,221.0,0,2002-04-02 08:00:00+00:00,39.665277777777774,-41.0,4.3
2002-04-13 00:26:05+00:00,903.0,20.0,174.0,0,2002-04-17 17:00:00+00:00,112.56527777777778,-98.0,7.3
2002-04-15 03:50:05+00:00,720.0,360.0,180.0,1,2002-04-18 07:00:00+00:00,75.16527777777777,-127.0,7.3
2002-04-17 07:27:21+00:00,818.0,45.0,42.0,0,2002-04-20 08:00:00+00:00,72.54416666666667,-149.0,7.3
2002-04-17 08:26:05+00:00,1240.0,360.0,180.0,1,2002-04-20 08:00:00+00:00,71.56527777777778,-149.0,7.3
2002-04-18 16:06:05+00:00,804.0,85.0,247.0,0,2002-04-20 08:00:00+00:00,39.89861111111111,-149.0,7.3
2002-04-21 01:27:20+00:00,2393.0,360.0,180.0,1,2002-04-23 15:00:00+00:00,61.544444444444444,-57.0,6.0
2002-04-22 00:38:35+00:00,1141.0,65.0,210.0,0,2002-04-23 15:00:00+00:00,38.356944444444444,-57.0,6.0
2002-04-22 01:18:31+00:00,955.0,59.0,216.0,0,2002-04-23 15:00:00+00:00,37.69138888888889,-57.0,6.0
2002-04-22 12:10:42+00:00,1545.0,76.0,197.0,0,2002-04-23 15:00:00+00:00,26.821666666666665,-57.0,4.3
2002-04-23 13:50:05+00:00,908.0,56.0,207.0,0,2002-04-24 21:00:00+00:00,31.165277777777778,-35.0,4.7
2002-04-26 18:52:00+00:00,802.0,96.0,209.0,0,2002-04-28 08:00:00+00:00,37.13333333333333,-34.0,4.7
2002-05-01 19:50:05+00:00,837.0,52.0,233.0,0,2002-05-06 19:00:00+00:00,119.16527777777777,-31.0,3.0
2002-05-02 23:18:13+00:00,902.0,99.0,119.0,0,2002-05-06 19:00:00+00:00,91.69638888888889,-31.0,3.0
2002-05-03 20:50:05+00:00,809.0,44.0,140.0,0,2002-05-06 19:00:00+00:00,70.16527777777777,-31.0,3.0
2002-05-07 00:06:05+00:00,1222.0,100.0,287.0,0,2002-05-11 19:00:00+00:00,114.89861111111111,-110.0,6.7
2002-05-07 04:06:05+00:00,720.0,360.0,180.0,1,2002-05-11 19:00:00+00:00,110.89861111111111,-110.0,6.7
2002-05-08 13:50:05+00:00,614.0,360.0,180.0,1,2002-05-11 19:00:00+00:00,77.16527777777777,-110.0,6.7
2002-05-09 16:26:05+00:00,891.0,115.0,268.0,0,2002-05-11 19:00:00+00:00,50.56527777777778,-110.0,6.7
2002-05-10 16:50:05+00:00,1105.0,39.0,277.0,0,2002-05-11 19:00:00+00:00,26.165277777777778,-110.0,6.7
2002-05-10 17:06:05+00:00,1154.0,120.0,299.0,0,2002-05-11 19:00:00+00:00,25.898611111111112,-110.0,5.3
2002-05-11 06:06:06+00:00,827.0,112.0,117.0,0,2002-05-15 00:00:00+00:00,89.89833333333333,-65.0,5.0
2002-05-11 20:06:05+00:00,1003.0,52.0,19.0,0,2002-05-15 00:00:00+00:00,75.89861111111111,-65.0,5.0
2002-05-13 11:26:05+00:00,820.0,137.0,70.0,0,2002-05-15 00:00:00+00:00,36.56527777777778,-65.0,5.0
2002-05-13 19:27:17+00:00,813.0,18.0,98.0,0,2002-05-15 00:00:00+00:00,28.545277777777777,-65.0,5.3
2002-05-14 14:50:24+00:00,984.0,85.0,83.0,0,2002-05-19 06:00:00+00:00,111.16,-58.0,5.3
2002-05-14 21:26:07+00:00,849.0,43.0,92.0,0,2002-05-19 06:00:00+00:00,104.56472222222222,-58.0,5.3
2002-05-15 11:06:05+00:00,832.0,27.0,314.0,0,2002-05-19 06:00:00+00:00,90.89861111111111,-58.0,5.3
2002-05-15 12:54:19+00:00,919.0,33.0,95.0,0,2002-05-19 06:00:00+00:00,89.09472222222222,-58.0,5.3
2002-05-15 19:27:16+00:00,1268.0,6.0,84.0,0,2002-05-19 06:00:00+00:00,82.54555555555555,-58.0,5.3
2002-05-16 00:50:05+00:00,600.0,360.0,180.0,1,2002-05-19 06:00:00+00:00,77.16527777777777,-58.0,5.3
2002-05-16 10:50:05+00:00,1310.0,11.0,96.0,0,2002-05-19 06:00:00+00:00,67.16527777777777,-58.0,5.3
2002-05-18 08:06:05+00:00,841.0,6.0,87.0,0,2002-05-19 12:00:00+00:00,27.898611111111112,-43.0,3.7
2002-05-21 21:50:05+00:00,853.0,135.0,56.0,0,2002-05-23 17:00:00+00:00,43.165277777777774,-109.0,8.3
2002-05-22 00:06:06+00:00,1246.0,186.0,230.0,0,2002-05-23 17:00:00+00:00,40.89833333333333,-109.0,8.3
2002-05-22 03:50:05+00:00,1557.0,360.0,180.0,1,2002-05-23 17:00:00+00:00,37.165277777777774,-109.0,8.3
2002-05-22 06:26:05+00:00,831.0,60.0,270.0,0,2002-05-23 17:00:00+00:00,34.56527777777778,-109.0,8.3
2002-05-24 19:27:19+00:00,808.0,50.0,47.0,0,2002-05-27 08:00:00+00:00,60.54472222222222,-64.0,4.7
2002-05-25 02:50:05+00:00,880.0,137.0,237.0,0,2002-05-27 08:00:00+00:00,53.165277777777774,-64.0,4.7
2002-05-26 12:29:20+00:00,1069.0,219.0,154.0,0,2002-05-27 15:00:00+00:00,26.511111111111113,-55.0,4.7
2002-05-29 04:06:05+00:00,1130.0,100.0,131.0,0,2002-06-03 00:00:00+00:00,115.89861111111111,-37.0,4.0
2002-05-30 05:06:05+00:00,1625.0,144.0,271.0,0,2002-06-03 00:00:00+00:00,90.89861111111111,-37.0,4.0
2002-05-30 23:26:05+00:00,1433.0,184.0,141.0,0,2002-06-03 00:00:00+00:00,72.56527777777778,-37.0,4.0
2002-06-05 19:54:06+00:00,1175.0,82.0,300.0,0,2002-06-10 16:00:00+00:00,116.09833333333333,-38.0,4.0
2002-06-06 03:06:05+00:00,898.0,15.0,49.0,0,2002-06-10 16:00:00+00:00,108.89861111111111,-38.0,4.0
2002-07-01 13:31:49+00:00,882.0,135.0,160.0,0,2002-07-06 05:00:00+00:00,111.46972222222222,-41.0,4.3
2002-07-03 19:31:47+00:00,829.0,174.0,269.0,0,2002-07-06 05:00:00+00:00,57.47027777777778,-41.0,4.3
2002-07-04 20:06:05+00:00,957.0,168.0,270.0,0,2002-07-06 05:00:00+00:00,32.89861111111111,-41.0,4.3
2002-07-05 13:31:46+00:00,818.0,150.0,249.0,0,2002-07-06 23:00:00+00:00,33.470555555555556,-37.0,4.0
2002-07-07 11:30:31+00:00,1423.0,228.0,277.0,0,2002-07-12 10:00:00+00:00,118.49138888888889,-36.0,4.7
2002-07-09 19:31:48+00:00,1076.0,360.0,180.0,1,2002-07-12 10:00:00+00:00,62.47,-36.0,4.7
2002-07-11 10:30:28+00:00,839.0,7.0,120.0,0,2002-07-12 11:00:00+00:00,24.49222222222222,-33.0,4.7
2002-07-16 16:02:58+00:00,1636.0,360.0,180.0,1,2002-07-20 23:00:00+00:00,102.95055555555555,-34.0,5.0
2002-07-18 08:06:08+00:00,1099.0,360.0,180.0,1,2002-07-22 09:00:00+00:00,96.89777777777778,-38.0,4.7
2002-07-18 19:31:47+00:00,2191.0,360.0,180.0,1,2002-07-22 09:00:00+00:00,85.47027777777778,-38.0,4.7
2002-07-19 16:30:05+00:00,2047.0,360.0,180.0,1,2002-07-22 09:00:00+00:00,64.49861111111112,-38.0,4.7
2002-07-20 21:18:05+00:00,1052.0,68.0,74.0,0,2002-07-22 09:00:00+00:00,35.69861111111111,-38.0,4.7
2002-07-20 22:06:09+00:00,1941.0,360.0,180.0,1,2002-07-22 09:00:00+00:00,34.8975,-38.0,4.7
2002-07-23 00:42:05+00:00,2285.0,360.0,180.0,1,2002-07-27 02:00:00+00:00,97.29861111111111,-31.0,4.0
2002-08-03 19:31:49+00:00,1150.0,138.0,259.0,0,2002-08-04 20:00:00+00:00,24.469722222222224,-31.0,2.3
2002-08-05 08:30:05+00:00,1034.0,85.0,229.0,0,2002-08-10 05:00:00+00:00,116.49861111111112,-43.0,4.7
2002-08-06 18:25:48+00:00,1098.0,134.0,218.0,0,2002-08-10 05:00:00+00:00,82.57,-43.0,4.7
2002-08-07 11:06:10+00:00,891.0,145.0,229.0,0,2002-08-10 05:00:00+00:00,65.89722222222223,-43.0,4.7
2002-08-08 20:06:34+00:00,401.0,360.0,180.0,1,2002-08-10 05:00:00+00:00,32.89055555555556,-43.0,4.7
2002-08-14 02:30:05+00:00,1309.0,133.0,297.0,0,2002-08-19 01:00:00+00:00,118.49861111111112,-47.0,5.3
2002-08-14 10:54:05+00:00,809.0,52.0,144.0,0,2002-08-19 07:00:00+00:00,116.09861111111111,-53.0,5.3
2002-08-14 16:54:05+00:00,1049.0,16.0,100.0,0,2002-08-19 07:00:00+00:00,110.09861111111111,-53.0,5.3
2002-08-15 22:30:05+00:00,857.0,68.0,301.0,0,2002-08-20 00:00:00+00:00,97.49861111111112,-71.0,6.3
2002-08-16 06:06:05+00:00,1378.0,162.0,293.0,0,2002-08-21 06:00:00+00:00,119.89861111111111,-106.0,6.3
2002-08-16 12:30:05+00:00,1585.0,360.0,180.0,1,2002-08-21 06:00:00+00:00,113.49861111111112,-106.0,6.3
2002-08-17 01:31:49+00:00,898.0,71.0,132.0,0,2002-08-21 06:00:00+00:00,100.46972222222222,-106.0,6.3
2002-08-17 05:30:05+00:00,829.0,62.0,297.0,0,2002-08-21 06:00:00+00:00,96.49861111111112,-106.0,6.3
2002-08-18 16:54:05+00:00,1170.0,76.0,146.0,0,2002-08-21 06:00:00+00:00,61.09861111111111,-106.0,6.3
2002-08-19 20:06:05+00:00,805.0,64.0,158.0,0,2002-08-21 06:00:00+00:00,33.89861111111111,-106.0,6.3
2002-08-20 01:54:05+00:00,961.0,157.0,244.0,0,2002-08-21 06:00:00+00:00,28.09861111111111,-106.0,5.3
2002-08-20 08:54:31+00:00,1099.0,122.0,237.0,0,2002-08-21 11:00:00+00:00,26.09138888888889,-93.0,4.0
2002-08-20 21:23:43+00:00,962.0,98.0,78.0,0,2002-08-22 03:00:00+00:00,29.60472222222222,-51.0,3.0
2002-08-22 02:06:06+00:00,998.0,360.0,180.0,1,2002-08-26 19:00:00+00:00,112.89833333333333,-45.0,4.7
2002-08-23 08:50:05+00:00,999.0,143.0,106.0,0,2002-08-26 19:00:00+00:00,82.16527777777777,-45.0,4.7
2002-08-23 20:50:54+00:00,861.0,131.0,262.0,0,2002-08-26 19:00:00+00:00,70.15166666666667,-45.0,4.7
2002-08-24 01:27:19+00:00,1913.0,360.0,180.0,1,2002-08-26 19:00:00+00:00,65.54472222222222,-45.0,4.7
2002-08-24 19:07:44+00:00,811.0,91.0,257.0,0,2002-08-26 19:00:00+00:00,47.87111111111111,-45.0,4.7
2002-08-30 03:06:05+00:00,1111.0,200.0,294.0,0,2002-09-04 03:00:00+00:00,119.89861111111111,-55.0,6.3
2002-09-05 16:54:06+00:00,1748.0,360.0,180.0,1,2002-09-08 00:00:00+00:00,55.098333333333336,-181.0,7.3
2002-09-06 13:31:49+00:00,909.0,360.0,180.0,1,2002-09-08 00:00:00+00:00,34.469722222222224,-181.0,7.3
2002-09-09 17:30:05+00:00,809.0,38.0,68.0,0,2002-09-11 22:00:00+00:00,52.49861111111111,-90.0,5.0
2002-09-13 03:54:05+00:00,1339.0,49.0,136.0,0,2002-09-17 20:00:00+00:00,112.09861111111111,-45.0,3.7
2002-09-16 16:30:05+00:00,925.0,92.0,86.0,0,2002-09-17 20:00:00+00:00,27.49861111111111,-45.0,4.7
2002-09-16 20:30:05+00:00,863.0,97.0,87.0,0,2002-09-17 21:00:00+00:00,24.49861111111111,-44.0,4.7
2002-09-17 08:06:05+00:00,960.0,249.0,210.0,0,2002-09-19 20:00:00+00:00,59.89861111111111,-40.0,4.7
2002-09-17 11:30:05+00:00,848.0,40.0,109.0,0,2002-09-19 20:00:00+00:00,56.49861111111111,-40.0,4.7
2002-09-18 23:54:25+00:00,875.0,97.0,183.0,0,2002-09-22 21:00:00+00:00,93.09305555555555,-35.0,2.7
2002-09-22 11:30:05+00:00,911.0,43.0,287.0,0,2002-09-26 23:00:00+00:00,107.49861111111112,-36.0,3.0
2002-09-23 00:06:05+00:00,960.0,140.0,287.0,0,2002-09-26 23:00:00+00:00,94.89861111111111,-36.0,3.0
2002-09-24 11:30:05+00:00,1104.0,62.0,277.0,0,2002-09-26 23:00:00+00:00,59.49861111111111,-36.0,3.0
2002-09-25 00:54:05+00:00,865.0,30.0,296.0,0,2002-09-26 23:00:00+00:00,46.09861111111111,-36.0,3.0
2002-09-25 04:06:06+00:00,881.0,104.0,60.0,0,2002-09-26 23:00:00+00:00,42.89833333333333,-36.0,3.7
2002-09-26 21:30:09+00:00,983.0,73.0,281.0,0,2002-10-01 16:00:00+00:00,114.4975,-176.0,7.3
2002-09-27 01:54:05+00:00,1502.0,59.0,231.0,0,2002-10-01 16:00:00+00:00,110.09861111111111,-176.0,7.3
2002-09-29 15:08:06+00:00,956.0,51.0,261.0,0,2002-10-01 16:00:00+00:00,48.865,-176.0,7.3
2002-10-02 07:31:46+00:00,903.0,190.0,170.0,0,2002-10-04 08:00:00+00:00,48.470555555555556,-146.0,7.3
2002-10-03 03:54:05+00:00,834.0,132.0,144.0,0,2002-10-04 08:00:00+00:00,28.09861111111111,-146.0,6.3
2002-10-06 06:30:06+00:00,860.0,10.0,266.0,0,2002-10-07 07:00:00+00:00,24.498333333333335,-115.0,6.0
2002-10-07 17:06:05+00:00,846.0,33.0,64.0,0,2002-10-10 04:00:00+00:00,58.89861111111111,-74.0,4.3
2002-10-09 08:54:05+00:00,906.0,36.0,120.0,0,2002-10-10 10:00:00+00:00,25.09861111111111,-66.0,4.7
2002-10-13 23:54:05+00:00,1009.0,264.0,107.0,0,2002-10-15 18:00:00+00:00,42.09861111111111,-70.0,5.7
2002-10-14 07:31:49+00:00,961.0,67.0,184.0,0,2002-10-15 18:00:00+00:00,34.469722222222224,-70.0,5.7
2002-10-14 14:54:05+00:00,1694.0,360.0,180.0,1,2002-10-15 18:00:00+00:00,27.09861111111111,-70.0,5.7
2002-10-15 12:54:07+00:00,842.0,172.0,193.0,0,2002-10-16 20:00:00+00:00,31.098055555555554,-63.0,5.7
2002-10-18 18:54:05+00:00,640.0,360.0,180.0,1,2002-10-19 19:00:00+00:00,24.09861111111111,-31.0,3.7
2002-10-19 21:30:09+00:00,1076.0,21.0,247.0,0,2002-10-24 20:00:00+00:00,118.4975,-98.0,6.3
2002-10-20 05:54:05+00:00,1098.0,24.0,244.0,0,2002-10-24 20:00:00+00:00,110.09861111111111,-98.0,6.3
2002-10-20 11:54:05+00:00,918.0,15.0,248.0,0,2002-10-24 20:00:00+00:00,104.09861111111111,-98.0,6.3
2002-10-20 14:30:05+00:00,1011.0,20.0,247.0,0,2002-10-24 20:00:00+00:00,101.49861111111112,-98.0,6.3
2002-10-21 04:30:06+00:00,805.0,19.0,251.0,0,2002-10-24 20:00:00+00:00,87.49833333333333,-98.0,6.3
2002-10-23 02:50:05+00:00,1052.0,119.0,306.0,0,2002-10-24 20:00:00+00:00,41.165277777777774,-98.0,6.3
2002-10-23 03:50:05+00:00,865.0,129.0,243.0,0,2002-10-24 20:00:00+00:00,40.165277777777774,-98.0,6.3
2002-10-23 16:06:05+00:00,845.0,40.0,69.0,0,2002-10-24 20:00:00+00:00,27.898611111111112,-98.0,6.3
2002-10-25 05:26:05+00:00,907.0,34.0,144.0,0,2002-10-27 15:00:00+00:00,57.56527777777778,-65.0,5.0
2002-10-25 10:06:05+00:00,629.0,360.0,180.0,1,2002-10-27 15:00:00+00:00,52.89861111111111,-65.0,5.0
2002-10-25 15:06:05+00:00,870.0,360.0,180.0,1,2002-10-27 15:00:00+00:00,47.89861111111111,-65.0,5.0
2002-10-25 18:06:05+00:00,1030.0,132.0,336.0,0,2002-10-27 15:00:00+00:00,44.89861111111111,-65.0,5.0
2002-10-26 07:27:15+00:00,846.0,360.0,180.0,1,2002-10-27 15:00:00+00:00,31.545833333333334,-65.0,5.0
2002-10-26 17:06:05+00:00,814.0,84.0,295.0,0,2002-10-28 04:00:00+00:00,34.89861111111111,-63.0,5.0
2002-10-27 22:06:05+00:00,1235.0,34.0,76.0,0,2002-10-31 18:00:00+00:00,91.89861111111111,-52.0,5.0
2002-10-27 23:18:13+00:00,2115.0,360.0,180.0,1,2002-10-31 18:00:00+00:00,90.69638888888889,-52.0,5.0
2002-10-28 23:06:05+00:00,829.0,46.0,85.0,0,2002-11-02 18:00:00+00:00,114.89861111111111,-65.0,5.0
2002-10-29 00:26:06+00:00,890.0,45.0,138.0,0,2002-11-02 18:00:00+00:00,113.565,-65.0,5.0
2002-10-29 05:06:05+00:00,867.0,35.0,237.0,0,2002-11-03 03:00:00+00:00,117.89861111111111,-74.0,5.0
2002-10-29 05:42:05+00:00,1030.0,112.0,64.0,0,2002-11-03 03:00:00+00:00,117.29861111111111,-74.0,5.0
2002-10-31 02:06:06+00:00,901.0,22.0,88.0,0,2002-11-03 06:00:00+00:00,75.89833333333333,-75.0,5.3
2002-10-31 11:26:05+00:00,1029.0,31.0,41.0,0,2002-11-03 06:00:00+00:00,66.56527777777778,-75.0,5.3
2002-10-31 15:26:05+00:00,1064.0,27.0,242.0,0,2002-11-03 06:00:00+00:00,62.56527777777778,-75.0,5.3
2002-10-31 17:06:05+00:00,1061.0,43.0,96.0,0,2002-11-03 06:00:00+00:00,60.89861111111111,-75.0,5.3
2002-11-01 04:06:06+00:00,1078.0,36.0,222.0,0,2002-11-03 06:00:00+00:00,49.89833333333333,-75.0,5.3
2002-11-01 09:26:06+00:00,990.0,9.0,132.0,0,2002-11-03 06:00:00+00:00,44.565,-75.0,5.3
2002-11-01 14:26:05+00:00,853.0,31.0,248.0,0,2002-11-03 06:00:00+00:00,39.56527777777778,-75.0,5.3
2002-11-02 05:54:05+00:00,990.0,43.0,292.0,0,2002-11-03 06:00:00+00:00,24.09861111111111,-75.0,5.3
2002-11-02 22:30:06+00:00,874.0,43.0,129.0,0,2002-11-04 04:00:00+00:00,29.498333333333335,-69.0,4.7
2002-11-03 17:30:05+00:00,982.0,151.0,281.0,0,2002-11-05 04:00:00+00:00,34.49861111111111,-60.0,4.7
2002-11-08 18:30:05+00:00,840.0,62.0,196.0,0,2002-11-13 04:00:00+00:00,105.49861111111112,-43.0,5.0
2002-11-09 13:31:45+00:00,1838.0,360.0,180.0,1,2002-11-13 04:00:00+00:00,86.47083333333333,-43.0,4.0
2002-11-10 03:30:11+00:00,1670.0,282.0,203.0,0,2002-11-13 04:00:00+00:00,72.49694444444444,-43.0,4.0
2002-11-11 07:54:05+00:00,1225.0,36.0,217.0,0,2002-11-13 04:00:00+00:00,44.09861111111111,-43.0,4.0
2002-11-11 15:54:05+00:00,1083.0,93.0,212.0,0,2002-11-13 04:00:00+00:00,36.09861111111111,-43.0,4.0
2002-11-12 04:30:05+00:00,979.0,55.0,321.0,0,2002-11-13 05:00:00+00:00,24.49861111111111,-40.0,3.7
2002-11-12 19:42:08+00:00,830.0,51.0,231.0,0,2002-11-15 23:00:00+00:00,75.29777777777778,-39.0,3.7
2002-11-12 21:54:05+00:00,958.0,5.0,284.0,0,2002-11-15 23:00:00+00:00,73.09861111111111,-39.0,3.7
2002-11-14 13:54:05+00:00,946.0,8.0,101.0,0,2002-11-18 22:00:00+00:00,104.09861111111111,-52.0,3.7
2002-11-15 08:24:05+00:00,878.0,15.0,240.0,0,2002-11-18 22:00:00+00:00,85.59861111111111,-52.0,4.0
2002-11-15 20:36:05+00:00,920.0,11.0,275.0,0,2002-11-20 20:00:00+00:00,119.39861111111111,-87.0,6.0
2002-11-16 07:12:05+00:00,1185.0,360.0,180.0,1,2002-11-21 07:00:00+00:00,119.79861111111111,-100.0,6.7
2002-11-18 10:36:05+00:00,1008.0,119.0,218.0,0,2002-11-21 10:00:00+00:00,71.39861111111111,-128.0,6.7
2002-11-19 03:06:05+00:00,938.0,123.0,26.0,0,2002-11-21 10:00:00+00:00,54.89861111111111,-128.0,6.7
2002-11-21 19:27:16+00:00,1204.0,10.0,115.0,0,2002-11-23 02:00:00+00:00,30.545555555555556,-65.0,4.3
2002-11-24 20:30:05+00:00,1077.0,360.0,180.0,1,2002-11-27 06:00:00+00:00,57.49861111111111,-64.0,5.0
2002-11-25 13:31:50+00:00,912.0,8.0,113.0,0,2002-11-27 06:00:00+00:00,40.46944444444444,-64.0,5.0
2002-11-29 10:30:31+00:00,1002.0,50.0,327.0,0,2002-12-01 15:00:00+00:00,52.49138888888889,-42.0,3.7
2002-12-02 17:54:05+00:00,867.0,360.0,180.0,1,2002-12-05 09:00:00+00:00,63.09861111111111,-38.0,3.7
2002-12-03 13:27:20+00:00,853.0,20.0,69.0,0,2002-12-05 09:00:00+00:00,43.544444444444444,-38.0,4.0
2002-12-04 23:06:05+00:00,825.0,162.0,102.0,0,2002-12-07 22:00:00+00:00,70.89861111111111,-38.0,4.0
2002-12-10 14:54:31+00:00,872.0,18.0,259.0,0,2002-12-14 18:00:00+00:00,99.09138888888889,-42.0,4.0
2002-12-19 08:54:06+00:00,433.0,360.0,180.0,1,2002-12-21 03:00:00+00:00,42.098333333333336,-75.0,5.7
2002-12-19 22:06:05+00:00,1092.0,360.0,180.0,1,2002-12-21 03:00:00+00:00,28.898611111111112,-75.0,5.7
2002-12-21 02:30:05+00:00,1072.0,225.0,2.0,0,2002-12-23 11:00:00+00:00,56.49861111111111,-67.0,4.7
2002-12-22 03:30:11+00:00,1071.0,272.0,328.0,0,2002-12-23 11:00:00+00:00,31.496944444444445,-67.0,6.0
2002-12-24 12:54:32+00:00,901.0,15.0,92.0,0,2002-12-27 04:00:00+00:00,63.09111111111111,-68.0,6.0
2002-12-26 14:54:05+00:00,872.0,19.0,255.0,0,2002-12-27 16:00:00+00:00,25.09861111111111,-68.0,4.3
2002-12-26 18:30:05+00:00,1075.0,24.0,80.0,0,2002-12-27 22:00:00+00:00,27.49861111111111,-53.0,4.3
2002-12-28 16:30:06+00:00,901.0,84.0,304.0,0,2002-12-30 07:00:00+00:00,38.498333333333335,-37.0,3.7
2002-12-30 01:54:05+00:00,1030.0,10.0,229.0,0,2002-12-31 05:00:00+00:00,27.09861111111111,-33.0,5.0
2003-01-09 03:54:24+00:00,831.0,76.0,61.0,0,2003-01-10 23:00:00+00:00,43.093333333333334,-31.0,4.0
2003-01-14 18:06:05+00:00,882.0,41.0,109.0,0,2003-01-19 16:00:00+00:00,117.89861111111111,-37.0,4.0
2003-01-21 15:30:05+00:00,1011.0,201.0,129.0,0,2003-01-24 23:00:00+00:00,79.49861111111112,-46.0,5.7
2003-01-22 05:06:05+00:00,875.0,81.0,338.0,0,2003-01-24 23:00:00+00:00,65.89861111111111,-46.0,5.7
2003-01-22 23:54:05+00:00,1855.0,27.0,98.0,0,2003-01-24 23:00:00+00:00,47.09861111111111,-46.0,5.7
2003-01-23 18:06:05+00:00,1236.0,60.0,307.0,0,2003-01-24 23:00:00+00:00,28.898611111111112,-46.0,5.7
2003-01-26 18:54:10+00:00,1652.0,35.0,254.0,0,2003-01-30 00:00:00+00:00,77.09722222222223,-66.0,5.0
2003-01-27 02:06:05+00:00,1051.0,24.0,48.0,0,2003-01-30 00:00:00+00:00,69.89861111111111,-66.0,5.0
2003-01-27 22:23:27+00:00,1053.0,267.0,205.0,0,2003-01-30 00:00:00+00:00,49.60916666666667,-66.0,5.0
2003-02-03 03:25:05+00:00,1056.0,47.0,141.0,0,2003-02-04 09:00:00+00:00,29.581944444444446,-74.0,5.7
2003-02-07 16:30:05+00:00,880.0,36.0,289.0,0,2003-02-10 07:00:00+00:00,62.49861111111111,-45.0,4.3
2003-02-08 13:31:44+00:00,1033.0,28.0,103.0,0,2003-02-10 07:00:00+00:00,41.471111111111114,-45.0,4.3
2003-02-10 21:54:05+00:00,1187.0,17.0,279.0,0,2003-02-15 16:00:00+00:00,114.09861111111111,-33.0,4.3
2003-02-12 13:54:05+00:00,1002.0,22.0,273.0,0,2003-02-15 16:00:00+00:00,74.09861111111111,-33.0,4.3
2003-02-13 09:30:05+00:00,922.0,30.0,104.0,0,2003-02-15 16:00:00+00:00,54.49861111111111,-33.0,5.3
2003-02-13 15:54:05+00:00,847.0,40.0,101.0,0,2003-02-15 16:00:00+00:00,48.09861111111111,-33.0,5.3
2003-02-13 16:06:05+00:00,1064.0,36.0,267.0,0,2003-02-15 16:00:00+00:00,47.89861111111111,-33.0,5.3
2003-02-23 06:06:05+00:00,878.0,20.0,82.0,0,2003-02-27 21:00:00+00:00,110.89861111111111,-66.0,5.0
2003-02-24 11:30:05+00:00,1009.0,30.0,89.0,0,2003-02-27 21:00:00+00:00,81.49861111111112,-66.0,5.0
2003-03-06 03:06:05+00:00,899.0,72.0,63.0,0,2003-03-07 04:00:00+00:00,24.898611111111112,-39.0,4.0
2003-03-13 02:54:05+00:00,1021.0,91.0,56.0,0,2003-03-16 21:00:00+00:00,90.09861111111111,-60.0,6.0
2003-03-14 18:06:05+00:00,991.0,137.0,232.0,0,2003-03-16 21:00:00+00:00,50.89861111111111,-60.0,6.0
2003-03-17 19:54:06+00:00,1020.0,96.0,291.0,0,2003-03-20 19:00:00+00:00,71.09833333333333,-64.0,5.0
2003-03-18 12:30:05+00:00,1601.0,209.0,263.0,0,2003-03-20 19:00:00+00:00,54.49861111111111,-64.0,5.0
2003-03-18 13:54:05+00:00,1042.0,360.0,180.0,1,2003-03-20 19:00:00+00:00,53.09861111111111,-64.0,5.0
2003-03-19 02:30:05+00:00,1342.0,360.0,180.0,1,2003-03-20 19:00:00+00:00,40.49861111111111,-64.0,5.0
2003-03-20 09:30:05+00:00,827.0,32.0,266.0,0,2003-03-22 00:00:00+00:00,38.49861111111111,-36.0,5.0
2003-03-23 12:06:05+00:00,1505.0,82.0,116.0,0,2003-03-27 17:00:00+00:00,100.89861111111111,-56.0,4.7
2003-04-01 15:30:05+00:00,885.0,87.0,312.0,0,2003-04-04 23:00:00+00:00,79.49861111111112,-62.0,5.3
2003-04-02 01:54:05+00:00,874.0,12.0,165.0,0,2003-04-04 23:00:00+00:00,69.09861111111111,-62.0,5.3
2003-04-03 17:30:05+00:00,977.0,60.0,285.0,0,2003-04-04 23:00:00+00:00,29.49861111111111,-62.0,5.3
2003-04-03 19:54:05+00:00,1061.0,50.0,227.0,0,2003-04-04 23:00:00+00:00,27.09861111111111,-62.0,5.3
2003-04-05 14:50:05+00:00,1153.0,55.0,105.0,0,2003-04-09 07:00:00+00:00,88.16527777777777,-41.0,4.7
2003-04-12 09:50:05+00:00,910.0,35.0,50.0,0,2003-04-14 14:00:00+00:00,52.165277777777774,-35.0,5.3
2003-04-13 09:06:05+00:00,936.0,91.0,301.0,0,2003-04-17 15:00:00+00:00,101.89861111111111,-37.0,5.3
2003-04-14 08:50:05+00:00,921.0,21.0,87.0,0,2003-04-17 15:00:00+00:00,78.16527777777777,-37.0,5.3
2003-04-18 04:50:05+00:00,1002.0,28.0,246.0,0,2003-04-22 01:00:00+00:00,92.16527777777777,-46.0,4.7
2003-04-18 07:50:05+00:00,1039.0,39.0,240.0,0,2003-04-22 01:00:00+00:00,89.16527777777777,-46.0,4.7
2003-04-20 04:24:06+00:00,1232.0,16.0,239.0,0,2003-04-24 20:00:00+00:00,111.59833333333333,-52.0,5.0
2003-04-22 02:48:05+00:00,899.0,148.0,351.0,0,2003-04-25 22:00:00+00:00,91.1986111111111,-53.0,5.3
2003-04-22 07:36:37+00:00,918.0,171.0,87.0,0,2003-04-25 22:00:00+00:00,86.38972222222222,-53.0,5.3
2003-04-23 01:27:14+00:00,916.0,248.0,271.0,0,2003-04-25 22:00:00+00:00,68.54611111111112,-53.0,5.3
2003-04-25 05:50:05+00:00,806.0,235.0,81.0,0,2003-04-30 02:00:00+00:00,116.16527777777777,-67.0,6.0
2003-04-25 13:27:12+00:00,991.0,95.0,114.0,0,2003-04-30 02:00:00+00:00,108.54666666666667,-67.0,6.0
2003-04-30 20:54:23+00:00,1117.0,8.0,267.0,0,2003-05-01 21:00:00+00:00,24.093611111111112,-43.0,5.0
2003-05-07 16:18:05+00:00,806.0,68.0,120.0,0,2003-05-10 08:00:00+00:00,63.69861111111111,-84.0,6.7
2003-05-09 20:35:48+00:00,841.0,21.0,236.0,0,2003-05-11 01:00:00+00:00,28.403333333333332,-48.0,5.7
2003-05-19 09:50:05+00:00,866.0,101.0,23.0,0,2003-05-22 02:00:00+00:00,64.16527777777777,-73.0,6.0
2003-05-19 15:06:05+00:00,900.0,87.0,142.0,0,2003-05-22 02:00:00+00:00,58.89861111111111,-73.0,6.0
2003-05-22 20:26:05+00:00,829.0,27.0,129.0,0,2003-05-25 03:00:00+00:00,54.56527777777778,-40.0,5.7
2003-05-24 08:06:05+00:00,1025.0,34.0,126.0,0,2003-05-28 15:00:00+00:00,102.89861111111111,-43.0,5.7
2003-05-25 13:50:05+00:00,801.0,25.0,96.0,0,2003-05-29 23:00:00+00:00,105.16527777777777,-144.0,8.3
2003-05-26 06:50:05+00:00,1046.0,113.0,42.0,0,2003-05-29 23:00:00+00:00,88.16527777777777,-144.0,8.3
2003-05-26 23:06:05+00:00,855.0,48.0,82.0,0,2003-05-29 23:00:00+00:00,71.89861111111111,-144.0,8.3
2003-05-27 06:50:05+00:00,509.0,360.0,180.0,1,2003-05-29 23:00:00+00:00,64.16527777777777,-144.0,8.3
2003-05-27 22:06:05+00:00,1122.0,123.0,215.0,0,2003-05-29 23:00:00+00:00,48.89861111111111,-144.0,8.3
2003-05-27 23:50:05+00:00,964.0,360.0,180.0,1,2003-05-29 23:00:00+00:00,47.165277777777774,-144.0,8.3
2003-05-28 00:50:05+00:00,1366.0,360.0,180.0,1,2003-05-29 23:00:00+00:00,46.165277777777774,-144.0,8.3
2003-05-28 04:26:06+00:00,1210.0,49.0,212.0,0,2003-05-29 23:00:00+00:00,42.565,-144.0,8.3
2003-05-28 14:06:05+00:00,1283.0,35.0,113.0,0,2003-05-29 23:00:00+00:00,32.89861111111111,-144.0,8.3
2003-05-29 01:27:12+00:00,1237.0,360.0,180.0,1,2003-05-30 02:00:00+00:00,24.546666666666667,-135.0,7.3
2003-05-30 06:26:05+00:00,836.0,69.0,313.0,0,2003-06-02 08:00:00+00:00,73.56527777777778,-91.0,5.3
2003-05-31 02:30:19+00:00,1835.0,360.0,180.0,1,2003-06-02 08:00:00+00:00,53.49472222222222,-91.0,5.3
2003-06-01 03:30:23+00:00,1270.0,83.0,87.0,0,2003-06-02 08:00:00+00:00,28.49361111111111,-91.0,5.3
2003-06-02 00:30:07+00:00,1656.0,172.0,265.0,0,2003-06-03 04:00:00+00:00,27.498055555555556,-33.0,5.3
2003-06-02 08:54:05+00:00,980.0,161.0,261.0,0,2003-06-03 22:00:00+00:00,37.09861111111111,-33.0,5.3
2003-06-02 22:30:05+00:00,855.0,28.0,275.0,0,2003-06-04 00:00:00+00:00,25.49861111111111,-33.0,5.3
2003-06-04 02:54:07+00:00,892.0,30.0,59.0,0,2003-06-08 22:00:00+00:00,115.09805555555556,-50.0,5.7
2003-06-05 20:06:05+00:00,1458.0,239.0,230.0,0,2003-06-08 22:00:00+00:00,73.89861111111111,-50.0,6.0
2003-06-06 18:06:05+00:00,876.0,34.0,53.0,0,2003-06-08 22:00:00+00:00,51.89861111111111,-50.0,6.0
2003-06-10 06:30:05+00:00,525.0,360.0,180.0,1,2003-06-14 09:00:00+00:00,98.49861111111112,-38.0,5.0
2003-06-14 01:54:05+00:00,875.0,195.0,26.0,0,2003-06-18 09:00:00+00:00,103.09861111111111,-141.0,6.7
2003-06-14 05:30:06+00:00,1215.0,179.0,90.0,0,2003-06-18 09:00:00+00:00,99.49833333333333,-141.0,6.7
2003-06-15 14:30:05+00:00,937.0,140.0,96.0,0,2003-06-18 09:00:00+00:00,66.49861111111112,-141.0,6.7
2003-06-15 23:54:05+00:00,2053.0,360.0,180.0,1,2003-06-18 09:00:00+00:00,57.09861111111111,-141.0,6.7
2003-06-17 23:18:14+00:00,1813.0,360.0,180.0,1,2003-06-19 06:00:00+00:00,30.69611111111111,-61.0,4.7
2003-06-23 09:30:05+00:00,802.0,19.0,113.0,0,2003-06-24 13:00:00+00:00,27.49861111111111,-55.0,6.3
2003-06-23 11:30:07+00:00,896.0,12.0,101.0,0,2003-06-24 13:00:00+00:00,25.498055555555556,-55.0,6.3
2003-07-10 16:33:07+00:00,877.0,72.0,289.0,0,2003-07-12 05:00:00+00:00,36.448055555555555,-105.0,6.7
2003-07-17 05:30:05+00:00,982.0,16.0,77.0,0,2003-07-19 00:00:00+00:00,42.49861111111111,-50.0,5.7
2003-08-03 00:30:05+00:00,699.0,360.0,180.0,1,2003-08-07 21:00:00+00:00,116.49861111111112,-61.0,6.7
2003-08-14 20:06:05+00:00,378.0,360.0,180.0,1,2003-08-18 15:00:00+00:00,90.89861111111111,-148.0,7.3
2003-08-15 02:06:05+00:00,814.0,8.0,262.0,0,2003-08-18 15:00:00+00:00,84.89861111111111,-148.0,7.3
2003-08-20 11:54:56+00:00,1036.0,44.0,77.0,0,2003-08-21 23:00:00+00:00,35.08444444444444,-68.0,6.0
2003-08-20 17:30:05+00:00,906.0,13.0,248.0,0,2003-08-21 23:00:00+00:00,29.49861111111111,-68.0,6.0
2003-08-23 02:50:06+00:00,801.0,67.0,237.0,0,2003-08-25 08:00:00+00:00,53.165,-47.0,4.7
2003-08-25 00:50:05+00:00,1008.0,14.0,285.0,0,2003-08-28 04:00:00+00:00,75.16527777777777,-34.0,5.0
2003-08-27 00:26:05+00:00,889.0,8.0,301.0,0,2003-08-28 04:00:00+00:00,27.565277777777776,-34.0,5.0
2003-08-27 23:06:05+00:00,1097.0,7.0,86.0,0,2003-08-30 03:00:00+00:00,51.89861111111111,-30.0,5.0
2003-09-17 00:54:05+00:00,829.0,24.0,72.0,0,2003-09-19 07:00:00+00:00,54.09861111111111,-53.0,6.0
2003-09-20 09:30:12+00:00,853.0,105.0,280.0,0,2003-09-24 07:00:00+00:00,93.49666666666667,-59.0,5.7
2003-09-21 08:30:05+00:00,554.0,360.0,180.0,1,2003-09-24 07:00:00+00:00,70.49861111111112,-59.0,5.7
2003-09-21 20:59:17+00:00,646.0,360.0,180.0,1,2003-09-24 07:00:00+00:00,58.011944444444445,-59.0,5.7
2003-09-24 06:30:05+00:00,820.0,58.0,118.0,0,2003-09-25 07:00:00+00:00,24.49861111111111,-44.0,4.3
2003-09-27 08:10:05+00:00,967.0,22.0,78.0,0,2003-10-01 22:00:00+00:00,109.83194444444445,-38.0,4.0
2003-09-27 11:00:07+00:00,1101.0,9.0,85.0,0,2003-10-01 22:00:00+00:00,106.99805555555555,-38.0,4.0
2003-09-27 14:00:07+00:00,1012.0,20.0,89.0,0,2003-10-01 22:00:00+00:00,103.99805555555555,-38.0,4.0
2003-10-09 08:30:05+00:00,814.0,11.0,284.0,0,2003-10-14 07:00:00+00:00,118.49861111111112,-39.0,5.7
2003-10-09 13:54:05+00:00,1166.0,85.0,254.0,0,2003-10-14 11:00:00+00:00,117.09861111111111,-52.0,5.7
2003-10-18 15:30:21+00:00,627.0,360.0,180.0,1,2003-10-22 06:00:00+00:00,86.49416666666667,-61.0,6.0
2003-10-21 03:54:05+00:00,1484.0,360.0,180.0,1,2003-10-22 06:00:00+00:00,26.09861111111111,-61.0,6.7
2003-10-21 23:30:05+00:00,824.0,39.0,90.0,0,2003-10-25 15:00:00+00:00,87.49861111111112,-49.0,6.7
2003-10-22 03:54:05+00:00,1163.0,101.0,104.0,0,2003-10-25 15:00:00+00:00,83.09861111111111,-49.0,6.7
2003-10-22 15:30:05+00:00,1054.0,18.0,85.0,0,2003-10-27 04:00:00+00:00,108.49861111111112,-52.0,6.7
2003-10-22 16:30:05+00:00,1040.0,23.0,88.0,0,2003-10-27 04:00:00+00:00,107.49861111111112,-52.0,6.7
2003-10-22 20:06:05+00:00,1085.0,134.0,93.0,0,2003-10-27 04:00:00+00:00,103.89861111111111,-52.0,6.7
2003-10-23 07:31:39+00:00,1090.0,20.0,88.0,0,2003-10-27 04:00:00+00:00,92.4725,-52.0,6.7
2003-10-23 08:54:05+00:00,1406.0,236.0,53.0,0,2003-10-27 04:00:00+00:00,91.09861111111111,-52.0,6.7
2003-10-23 20:06:05+00:00,1136.0,95.0,103.0,0,2003-10-27 04:00:00+00:00,79.89861111111111,-52.0,6.0
2003-10-24 02:54:05+00:00,1055.0,123.0,113.0,0,2003-10-27 04:00:00+00:00,73.09861111111111,-52.0,4.7
2003-10-24 05:30:06+00:00,1233.0,44.0,122.0,0,2003-10-27 04:00:00+00:00,70.49833333333333,-52.0,4.7
2003-10-26 06:54:30+00:00,1371.0,207.0,108.0,0,2003-10-30 22:00:00+00:00,111.09166666666667,-383.0,9.0
2003-10-26 10:34:08+00:00,929.0,27.0,85.0,0,2003-10-30 22:00:00+00:00,107.43111111111111,-383.0,9.0
2003-10-26 17:54:05+00:00,1537.0,171.0,270.0,0,2003-10-30 22:00:00+00:00,100.09861111111111,-383.0,9.0
2003-10-27 08:30:05+00:00,1322.0,144.0,265.0,0,2003-10-30 22:00:00+00:00,85.49861111111112,-383.0,9.0
2003-10-27 13:31:47+00:00,1005.0,45.0,317.0,0,2003-10-30 22:00:00+00:00,80.47027777777778,-383.0,9.0
2003-10-27 20:30:06+00:00,990.0,43.0,312.0,0,2003-10-30 22:00:00+00:00,73.49833333333333,-383.0,9.0
2003-10-28 09:30:05+00:00,853.0,22.0,88.0,0,2003-10-30 22:00:00+00:00,60.49861111111111,-383.0,9.0
2003-10-28 10:54:05+00:00,1054.0,147.0,124.0,0,2003-10-30 22:00:00+00:00,59.09861111111111,-383.0,9.0
2003-10-28 11:30:05+00:00,2459.0,360.0,180.0,1,2003-10-30 22:00:00+00:00,58.49861111111111,-383.0,9.0
2003-10-29 10:16:53+00:00,922.0,114.0,200.0,0,2003-10-30 22:00:00+00:00,35.71861111111111,-383.0,9.0
2003-10-29 20:54:05+00:00,2029.0,360.0,180.0,1,2003-10-30 22:00:00+00:00,25.09861111111111,-383.0,9.0
2003-10-31 04:42:50+00:00,2126.0,50.0,303.0,0,2003-11-04 10:00:00+00:00,101.28611111111111,-69.0,7.0
2003-11-01 23:06:53+00:00,899.0,93.0,254.0,0,2003-11-04 10:00:00+00:00,58.88527777777778,-69.0,7.0
2003-11-02 09:30:05+00:00,2036.0,360.0,180.0,1,2003-11-04 10:00:00+00:00,48.49861111111111,-69.0,7.0
2003-11-02 11:30:06+00:00,826.0,33.0,224.0,0,2003-11-04 10:00:00+00:00,46.498333333333335,-69.0,7.0
2003-11-02 17:30:05+00:00,2598.0,360.0,180.0,1,2003-11-04 10:00:00+00:00,40.49861111111111,-69.0,7.0
2003-11-03 01:59:24+00:00,827.0,65.0,304.0,0,2003-11-04 10:00:00+00:00,32.01,-69.0,7.0
2003-11-03 10:06:05+00:00,1420.0,103.0,293.0,0,2003-11-04 11:00:00+00:00,24.898611111111112,-63.0,7.0
2003-11-04 19:54:05+00:00,2657.0,360.0,180.0,1,2003-11-09 19:00:00+00:00,119.09861111111111,-33.0,5.7
2003-11-05 16:54:05+00:00,1075.0,12.0,258.0,0,2003-11-09 19:00:00+00:00,98.09861111111111,-33.0,5.7
2003-11-06 17:30:05+00:00,1523.0,360.0,180.0,1,2003-11-11 13:00:00+00:00,115.49861111111112,-62.0,6.0
2003-11-07 15:54:05+00:00,2237.0,360.0,180.0,1,2003-11-11 13:00:00+00:00,93.09861111111111,-62.0,6.0
2003-11-09 06:30:05+00:00,2008.0,360.0,180.0,1,2003-11-11 13:00:00+00:00,54.49861111111111,-62.0,6.0
2003-11-11 02:30:07+00:00,1359.0,360.0,180.0,1,2003-11-13 19:00:00+00:00,64.49805555555555,-59.0,6.0
2003-11-11 05:54:05+00:00,1445.0,52.0,118.0,0,2003-11-13 19:00:00+00:00,61.09861111111111,-59.0,6.0
2003-11-11 13:54:05+00:00,1315.0,360.0,180.0,1,2003-11-13 19:00:00+00:00,53.09861111111111,-59.0,6.0
2003-11-11 15:54:05+00:00,1785.0,128.0,87.0,0,2003-11-13 19:00:00+00:00,51.09861111111111,-59.0,6.0
2003-11-12 10:54:06+00:00,1197.0,360.0,180.0,1,2003-11-13 19:00:00+00:00,32.098333333333336,-59.0,6.0
2003-11-12 18:30:05+00:00,891.0,88.0,246.0,0,2003-11-13 19:00:00+00:00,24.49861111111111,-59.0,6.0
2003-11-13 09:30:05+00:00,1141.0,217.0,49.0,0,2003-11-15 12:00:00+00:00,50.49861111111111,-50.0,6.0
2003-11-15 17:50:05+00:00,1375.0,148.0,245.0,0,2003-11-20 17:00:00+00:00,119.16527777777777,-329.0,8.7
2003-11-16 07:50:05+00:00,979.0,18.0,255.0,0,2003-11-20 20:00:00+00:00,108.16527777777777,-422.0,8.7
2003-11-17 09:26:05+00:00,1061.0,242.0,72.0,0,2003-11-20 20:00:00+00:00,82.56527777777778,-422.0,8.7
2003-11-18 08:06:05+00:00,1223.0,104.0,144.0,0,2003-11-20 20:00:00+00:00,59.89861111111111,-422.0,8.7
2003-11-18 08:50:05+00:00,1660.0,360.0,180.0,1,2003-11-20 20:00:00+00:00,59.165277777777774,-422.0,8.7
2003-11-18 09:50:05+00:00,1824.0,197.0,95.0,0,2003-11-20 20:00:00+00:00,58.165277777777774,-422.0,8.7
2003-11-20 08:06:05+00:00,890.0,47.0,242.0,0,2003-11-21 09:00:00+00:00,24.898611111111112,-141.0,6.0
2003-11-20 08:06:05+00:00,669.0,360.0,180.0,1,2003-11-21 09:00:00+00:00,24.898611111111112,-141.0,6.0
2003-11-22 22:06:05+00:00,850.0,28.0,254.0,0,2003-11-23 23:00:00+00:00,24.898611111111112,-36.0,4.0
2003-12-02 10:50:05+00:00,1393.0,150.0,261.0,0,2003-12-06 04:00:00+00:00,89.16527777777777,-55.0,5.7
2003-12-13 11:54:05+00:00,995.0,29.0,307.0,0,2003-12-14 18:00:00+00:00,30.09861111111111,-36.0,5.0
2004-01-01 07:25:05+00:00,1237.0,132.0,117.0,0,2004-01-06 05:00:00+00:00,117.58194444444445,-31.0,4.7
2004-01-02 16:20:05+00:00,924.0,74.0,105.0,0,2004-01-07 13:00:00+00:00,116.66527777777777,-50.0,6.0
2004-01-05 21:17:49+00:00,1233.0,51.0,122.0,0,2004-01-07 13:00:00+00:00,39.70305555555556,-50.0,6.0
2004-01-06 08:53:06+00:00,1469.0,166.0,88.0,0,2004-01-07 13:00:00+00:00,28.115,-50.0,5.3
2004-01-07 04:06:07+00:00,1581.0,171.0,78.0,0,2004-01-10 16:00:00+00:00,83.89805555555556,-45.0,5.3
2004-01-07 10:30:29+00:00,1822.0,182.0,81.0,0,2004-01-10 16:00:00+00:00,77.49194444444444,-45.0,5.3
2004-01-08 05:06:05+00:00,1713.0,144.0,83.0,0,2004-01-10 16:00:00+00:00,58.89861111111111,-45.0,5.3
2004-01-09 02:06:05+00:00,1217.0,51.0,135.0,0,2004-01-10 16:00:00+00:00,37.89861111111111,-45.0,5.3
2004-01-18 19:31:48+00:00,913.0,10.0,268.0,0,2004-01-22 13:00:00+00:00,89.47,-130.0,7.0
2004-01-18 19:54:05+00:00,1394.0,40.0,268.0,0,2004-01-22 13:00:00+00:00,89.09861111111111,-130.0,7.0
2004-01-20 00:06:05+00:00,965.0,360.0,180.0,1,2004-01-22 13:00:00+00:00,60.89861111111111,-130.0,7.0
2004-01-21 04:54:05+00:00,762.0,360.0,180.0,1,2004-01-22 13:00:00+00:00,32.09861111111111,-130.0,7.0
2004-01-22 02:54:06+00:00,1011.0,10.0,257.0,0,2004-01-25 03:00:00+00:00,72.09833333333333,-81.0,6.0
2004-01-26 15:30:05+00:00,879.0,360.0,180.0,1,2004-01-28 06:00:00+00:00,38.49861111111111,-32.0,5.7
2004-03-06 13:31:38+00:00,879.0,23.0,256.0,0,2004-03-10 05:00:00+00:00,87.47277777777778,-78.0,6.3
2004-04-11 11:54:05+00:00,1132.0,360.0,180.0,1,2004-04-16 08:00:00+00:00,116.09861111111111,-30.0,3.7
2004-04-13 11:30:05+00:00,826.0,39.0,229.0,0,2004-04-16 08:00:00+00:00,68.49861111111112,-30.0,3.7
2004-04-14 22:26:05+00:00,898.0,43.0,231.0,0,2004-04-16 08:00:00+00:00,33.56527777777778,-30.0,3.7
2004-04-19 21:08:06+00:00,812.0,55.0,80.0,0,2004-04-23 15:00:00+00:00,89.865,-36.0,4.3
2004-04-29 19:27:14+00:00,185.0,360.0,180.0,1,2004-04-30 22:00:00+00:00,26.54611111111111,-34.0,4.7
2004-07-13 09:30:05+00:00,747.0,360.0,180.0,1,2004-07-17 02:00:00+00:00,88.49861111111112,-76.0,6.0
2004-07-20 13:31:52+00:00,710.0,360.0,180.0,1,2004-07-25 11:00:00+00:00,117.46888888888888,-126.0,7.7
2004-07-22 08:30:05+00:00,899.0,132.0,193.0,0,2004-07-27 07:00:00+00:00,118.49861111111112,-138.0,8.3
2004-07-23 16:06:06+00:00,824.0,360.0,180.0,1,2004-07-27 13:00:00+00:00,92.89833333333333,-170.0,8.7
2004-07-23 19:31:47+00:00,874.0,100.0,209.0,0,2004-07-27 13:00:00+00:00,89.47027777777778,-170.0,8.7
2004-07-25 14:54:05+00:00,1333.0,360.0,180.0,1,2004-07-27 13:00:00+00:00,46.09861111111111,-170.0,8.7
2004-07-29 12:06:05+00:00,1180.0,360.0,180.0,1,2004-08-01 01:00:00+00:00,60.89861111111111,-40.0,3.7
2004-07-31 05:54:05+00:00,1192.0,197.0,259.0,0,2004-08-02 01:00:00+00:00,43.09861111111111,-33.0,2.7
2004-08-08 08:54:05+00:00,1004.0,360.0,180.0,1,2004-08-09 21:00:00+00:00,36.09861111111111,-51.0,4.3
2004-08-29 02:30:05+00:00,1195.0,29.0,274.0,0,2004-08-30 22:00:00+00:00,43.49861111111111,-129.0,7.0
2004-09-12 00:36:06+00:00,1328.0,360.0,180.0,1,2004-09-14 22:00:00+00:00,69.39833333333333,-45.0,5.3
2004-09-14 10:12:05+00:00,462.0,360.0,180.0,1,2004-09-17 11:00:00+00:00,72.79861111111111,-33.0,5.0
2004-10-18 14:06:19+00:00,1011.0,14.0,328.0,0,2004-10-20 15:00:00+00:00,48.89472222222222,-32.0,3.7
2004-10-27 10:30:25+00:00,306.0,360.0,180.0,1,2004-10-30 08:00:00+00:00,69.49305555555556,-33.0,4.0
2004-11-03 03:54:05+00:00,918.0,239.0,91.0,0,2004-11-08 03:00:00+00:00,119.09861111111111,-272.0,8.7
2004-11-03 16:06:05+00:00,1068.0,360.0,180.0,1,2004-11-08 06:00:00+00:00,109.89861111111111,-374.0,8.7
2004-11-04 09:54:05+00:00,653.0,360.0,180.0,1,2004-11-08 06:00:00+00:00,92.09861111111111,-374.0,8.7
2004-11-04 23:30:05+00:00,1055.0,293.0,338.0,0,2004-11-08 06:00:00+00:00,78.49861111111112,-374.0,8.7
2004-11-05 14:54:05+00:00,1188.0,8.0,262.0,0,2004-11-08 06:00:00+00:00,63.09861111111111,-374.0,8.7
2004-11-06 01:31:51+00:00,818.0,360.0,180.0,1,2004-11-08 06:00:00+00:00,52.469166666666666,-374.0,8.7
2004-11-06 02:06:05+00:00,1111.0,214.0,351.0,0,2004-11-08 06:00:00+00:00,51.89861111111111,-374.0,8.7
2004-11-06 08:06:05+00:00,1215.0,14.0,38.0,0,2004-11-08 06:00:00+00:00,45.89861111111111,-374.0,8.7
2004-11-07 16:54:05+00:00,1759.0,360.0,180.0,1,2004-11-10 10:00:00+00:00,65.09861111111111,-263.0,8.7
2004-11-08 03:54:05+00:00,462.0,360.0,180.0,1,2004-11-10 10:00:00+00:00,54.09861111111111,-263.0,8.7
2004-11-09 17:26:06+00:00,2000.0,360.0,180.0,1,2004-11-10 19:00:00+00:00,25.565,-122.0,5.3
2004-11-10 02:26:05+00:00,3387.0,360.0,180.0,1,2004-11-11 05:00:00+00:00,26.565277777777776,-106.0,5.0
2004-11-11 05:26:05+00:00,855.0,8.0,258.0,0,2004-11-12 10:00:00+00:00,28.565277777777776,-92.0,4.3
2004-11-22 08:06:05+00:00,1106.0,4.0,11.0,0,2004-11-25 04:00:00+00:00,67.89861111111111,-53.0,4.3
2004-11-23 03:50:05+00:00,832.0,6.0,101.0,0,2004-11-25 04:00:00+00:00,48.165277777777774,-53.0,4.3
2004-12-03 00:26:05+00:00,1216.0,360.0,180.0,1,2004-12-07 02:00:00+00:00,97.56527777777778,-44.0,4.3
2004-12-08 20:26:05+00:00,611.0,360.0,180.0,1,2004-12-13 02:00:00+00:00,101.56527777777778,-56.0,5.3
2004-12-12 09:00:05+00:00,1036.0,22.0,86.0,0,2004-12-13 10:00:00+00:00,24.99861111111111,-34.0,4.0
2004-12-12 14:12:05+00:00,813.0,24.0,131.0,0,2004-12-14 11:00:00+00:00,44.798611111111114,-31.0,4.0
2004-12-26 19:12:05+00:00,837.0,24.0,117.0,0,2004-12-29 02:00:00+00:00,54.798611111111114,-47.0,4.7
2004-12-30 10:57:06+00:00,1247.0,176.0,72.0,0,2005-01-02 09:00:00+00:00,70.04833333333333,-50.0,5.7
2004-12-30 22:30:05+00:00,1035.0,360.0,180.0,1,2005-01-02 09:00:00+00:00,58.49861111111111,-50.0,5.7
2004-12-31 15:30:05+00:00,802.0,143.0,61.0,0,2005-01-02 09:00:00+00:00,41.49861111111111,-50.0,5.7
2005-01-01 00:54:05+00:00,832.0,360.0,180.0,1,2005-01-02 09:00:00+00:00,32.09861111111111,-50.0,5.7
2005-01-04 09:30:05+00:00,1087.0,102.0,288.0,0,2005-01-08 02:00:00+00:00,88.49861111111112,-93.0,7.7
2005-01-05 15:30:06+00:00,735.0,360.0,180.0,1,2005-01-08 02:00:00+00:00,58.498333333333335,-93.0,7.7
2005-01-06 15:30:06+00:00,902.0,29.0,266.0,0,2005-01-08 02:00:00+00:00,34.498333333333335,-93.0,7.7
2005-01-09 09:06:05+00:00,870.0,164.0,94.0,0,2005-01-12 10:00:00+00:00,72.89861111111111,-50.0,5.3
2005-01-13 17:54:05+00:00,495.0,360.0,180.0,1,2005-01-18 08:00:00+00:00,110.09861111111111,-103.0,7.7
2005-01-14 17:06:05+00:00,358.0,360.0,180.0,1,2005-01-18 08:00:00+00:00,86.89861111111111,-103.0,7.7
2005-01-15 06:30:05+00:00,2049.0,360.0,180.0,1,2005-01-18 08:00:00+00:00,73.49861111111112,-103.0,7.7
2005-01-15 23:06:50+00:00,2861.0,360.0,180.0,1,2005-01-18 08:00:00+00:00,56.88611111111111,-103.0,7.7
2005-01-17 09:30:05+00:00,2094.0,360.0,180.0,1,2005-01-22 05:00:00+00:00,115.49861111111112,-97.0,8.0
2005-01-17 09:54:05+00:00,2547.0,360.0,180.0,1,2005-01-22 05:00:00+00:00,115.09861111111111,-97.0,8.0
2005-01-19 08:29:39+00:00,2020.0,360.0,180.0,1,2005-01-22 05:00:00+00:00,68.50583333333333,-97.0,8.0
2005-01-19 10:54:24+00:00,823.0,33.0,320.0,0,2005-01-22 05:00:00+00:00,66.09333333333333,-97.0,8.0
2005-01-19 11:27:31+00:00,1011.0,47.0,57.0,0,2005-01-22 05:00:00+00:00,65.54138888888889,-97.0,8.0
2005-01-20 06:54:05+00:00,882.0,360.0,180.0,1,2005-01-22 05:00:00+00:00,46.09861111111111,-97.0,8.0
2005-02-17 00:06:05+00:00,1135.0,360.0,180.0,1,2005-02-18 02:00:00+00:00,25.898611111111112,-80.0,6.3
2005-02-19 11:30:05+00:00,845.0,107.0,270.0,0,2005-02-21 03:00:00+00:00,39.49861111111111,-43.0,3.0
2005-03-14 08:00:05+00:00,849.0,105.0,259.0,0,2005-03-18 23:00:00+00:00,110.99861111111112,-34.0,4.7
2005-04-26 20:26:05+00:00,813.0,30.0,236.0,0,2005-04-30 02:00:00+00:00,77.56527777777778,-40.0,5.0
2005-04-30 14:26:05+00:00,323.0,360.0,180.0,1,2005-05-01 15:00:00+00:00,24.565277777777776,-30.0,4.0
2005-05-03 00:26:05+00:00,978.0,66.0,82.0,0,2005-05-08 00:00:00+00:00,119.56527777777778,-31.0,6.0
2005-05-05 20:30:05+00:00,1180.0,360.0,180.0,1,2005-05-08 18:00:00+00:00,69.49861111111112,-110.0,8.3
2005-05-06 03:30:05+00:00,1120.0,109.0,280.0,0,2005-05-08 18:00:00+00:00,62.49861111111111,-110.0,8.3
2005-05-06 11:54:28+00:00,1144.0,129.0,277.0,0,2005-05-08 18:00:00+00:00,54.09222222222222,-110.0,8.3
2005-05-06 17:28:31+00:00,1128.0,360.0,180.0,1,2005-05-08 18:00:00+00:00,48.52472222222222,-110.0,8.3
2005-05-07 08:30:05+00:00,901.0,87.0,255.0,0,2005-05-08 18:00:00+00:00,33.49861111111111,-110.0,8.3
2005-05-08 15:54:05+00:00,892.0,84.0,252.0,0,2005-05-10 03:00:00+00:00,35.09861111111111,-55.0,4.7
2005-05-10 16:06:05+00:00,609.0,360.0,180.0,1,2005-05-15 08:00:00+00:00,111.89861111111111,-247.0,8.3
2005-05-11 20:13:08+00:00,550.0,360.0,180.0,1,2005-05-15 08:00:00+00:00,83.78111111111112,-247.0,8.3
2005-05-13 17:12:05+00:00,1689.0,360.0,180.0,1,2005-05-15 08:00:00+00:00,38.798611111111114,-247.0,8.3
2005-05-26 15:06:05+00:00,586.0,360.0,180.0,1,2005-05-30 13:00:00+00:00,93.89861111111111,-113.0,7.7
2005-06-03 12:32:10+00:00,1679.0,360.0,180.0,1,2005-06-07 05:00:00+00:00,88.46388888888889,-43.0,5.7
2005-06-09 02:24:06+00:00,841.0,53.0,236.0,0,2005-06-13 00:00:00+00:00,93.59833333333333,-106.0,7.3
2005-06-14 07:24:05+00:00,791.0,360.0,180.0,1,2005-06-15 12:00:00+00:00,28.59861111111111,-42.0,5.0
2005-07-05 15:30:05+00:00,772.0,360.0,180.0,1,2005-07-10 13:00:00+00:00,117.49861111111112,-63.0,6.3
2005-07-07 17:06:07+00:00,683.0,360.0,180.0,1,2005-07-10 20:00:00+00:00,74.89805555555556,-92.0,6.3
2005-07-09 22:30:05+00:00,1540.0,360.0,180.0,1,2005-07-12 05:00:00+00:00,54.49861111111111,-78.0,6.3
2005-07-10 08:54:05+00:00,835.0,182.0,290.0,0,2005-07-12 05:00:00+00:00,44.09861111111111,-78.0,6.3
2005-07-12 16:54:05+00:00,523.0,360.0,180.0,1,2005-07-13 17:00:00+00:00,24.09861111111111,-46.0,5.0
2005-07-13 14:30:05+00:00,1423.0,360.0,180.0,1,2005-07-18 06:00:00+00:00,111.49861111111112,-67.0,5.3
2005-07-14 10:54:05+00:00,2115.0,360.0,180.0,1,2005-07-18 06:00:00+00:00,91.09861111111111,-67.0,5.3
2005-07-14 16:54:05+00:00,875.0,11.0,280.0,0,2005-07-18 06:00:00+00:00,85.09861111111111,-67.0,5.3
2005-07-15 21:08:02+00:00,820.0,174.0,253.0,0,2005-07-18 06:00:00+00:00,56.86611111111111,-67.0,5.3
2005-07-17 11:30:05+00:00,1527.0,360.0,180.0,1,2005-07-21 02:00:00+00:00,86.49861111111112,-42.0,5.0
2005-07-23 23:30:05+00:00,887.0,165.0,37.0,0,2005-07-28 05:00:00+00:00,101.49861111111112,-41.0,5.3
2005-07-24 11:30:07+00:00,1258.0,360.0,180.0,1,2005-07-28 05:00:00+00:00,89.49805555555555,-41.0,5.3
2005-07-24 13:54:05+00:00,2528.0,360.0,180.0,1,2005-07-28 05:00:00+00:00,87.09861111111111,-41.0,5.3
2005-07-24 22:30:05+00:00,1234.0,360.0,180.0,1,2005-07-28 05:00:00+00:00,78.49861111111112,-41.0,5.3
2005-07-25 11:06:05+00:00,1660.0,360.0,180.0,1,2005-07-28 05:00:00+00:00,65.89861111111111,-41.0,5.3
2005-07-25 21:54:05+00:00,1570.0,203.0,89.0,0,2005-07-28 05:00:00+00:00,55.09861111111111,-41.0,5.3
2005-07-26 04:54:29+00:00,1458.0,360.0,180.0,1,2005-07-28 05:00:00+00:00,48.091944444444444,-41.0,5.3
2005-07-26 09:30:05+00:00,1588.0,193.0,114.0,0,2005-07-28 05:00:00+00:00,43.49861111111111,-41.0,5.3
2005-07-27 04:54:05+00:00,1787.0,360.0,180.0,1,2005-07-28 05:00:00+00:00,24.09861111111111,-41.0,5.3
2005-07-27 11:06:05+00:00,1330.0,17.0,71.0,0,2005-07-28 14:00:00+00:00,26.898611111111112,-32.0,4.7
2005-08-01 14:30:21+00:00,984.0,93.0,83.0,0,2005-08-06 01:00:00+00:00,106.49416666666667,-32.0,4.7
2005-08-22 01:31:48+00:00,1194.0,360.0,180.0,1,2005-08-24 11:00:00+00:00,57.47,-184.0,8.7
2005-08-22 17:30:05+00:00,2378.0,360.0,180.0,1,2005-08-24 11:00:00+00:00,41.49861111111111,-184.0,8.7
2005-08-22 22:30:05+00:00,819.0,57.0,270.0,0,2005-08-24 11:00:00+00:00,36.49861111111111,-184.0,8.7
2005-08-23 14:54:05+00:00,1929.0,360.0,180.0,1,2005-08-24 18:00:00+00:00,27.09861111111111,-145.0,6.7
2005-08-25 04:54:05+00:00,1327.0,146.0,115.0,0,2005-08-26 07:00:00+00:00,26.09861111111111,-58.0,3.3
2005-08-25 14:06:05+00:00,837.0,38.0,75.0,0,2005-08-26 15:00:00+00:00,24.898611111111112,-45.0,3.3
2005-08-28 10:56:07+00:00,1047.0,76.0,95.0,0,2005-08-31 19:00:00+00:00,80.06472222222222,-122.0,7.0
2005-08-29 10:54:05+00:00,1600.0,360.0,180.0,1,2005-08-31 19:00:00+00:00,56.09861111111111,-122.0,7.0
2005-08-31 11:30:05+00:00,825.0,360.0,180.0,1,2005-09-04 09:00:00+00:00,93.49861111111112,-71.0,6.7
2005-08-31 22:30:05+00:00,1808.0,360.0,180.0,1,2005-09-04 09:00:00+00:00,82.49861111111112,-71.0,6.7
2005-09-02 00:30:05+00:00,1384.0,360.0,180.0,1,2005-09-04 09:00:00+00:00,56.49861111111111,-71.0,5.3
2005-09-03 03:12:05+00:00,1672.0,360.0,180.0,1,2005-09-04 09:00:00+00:00,29.79861111111111,-71.0,4.7
2005-09-04 14:48:05+00:00,1179.0,86.0,286.0,0,2005-09-06 01:00:00+00:00,34.19861111111111,-42.0,4.3
2005-09-04 22:36:05+00:00,975.0,26.0,76.0,0,2005-09-06 01:00:00+00:00,26.398611111111112,-42.0,4.3
2005-09-05 09:48:05+00:00,2326.0,360.0,180.0,1,2005-09-09 22:00:00+00:00,108.1986111111111,-36.0,4.3
2005-09-06 08:12:05+00:00,812.0,62.0,108.0,0,2005-09-11 07:00:00+00:00,118.79861111111111,-119.0,7.7
2005-09-06 20:00:07+00:00,1291.0,126.0,94.0,0,2005-09-11 10:00:00+00:00,109.99805555555555,-139.0,7.7
2005-09-09 19:48:05+00:00,2257.0,360.0,180.0,1,2005-09-11 10:00:00+00:00,38.19861111111111,-139.0,7.7
2005-09-10 21:52:07+00:00,1893.0,360.0,180.0,1,2005-09-12 21:00:00+00:00,47.131388888888885,-89.0,7.0
2005-09-11 13:00:53+00:00,1922.0,360.0,180.0,1,2005-09-12 21:00:00+00:00,31.985277777777778,-89.0,7.0
2005-09-13 20:00:05+00:00,1866.0,360.0,180.0,1,2005-09-15 16:00:00+00:00,43.99861111111111,-80.0,7.0
2005-09-13 23:36:05+00:00,999.0,46.0,170.0,0,2005-09-15 16:00:00+00:00,40.39861111111111,-80.0,7.0
2005-10-21 07:48:02+00:00,810.0,3.0,189.0,0,2005-10-25 21:00:00+00:00,109.19944444444444,-37.0,4.3
2005-10-22 06:30:05+00:00,253.0,360.0,180.0,1,2005-10-25 21:00:00+00:00,86.49861111111112,-37.0,4.3
2005-11-02 16:54:05+00:00,840.0,6.0,206.0,0,2005-11-03 18:00:00+00:00,25.09861111111111,-38.0,4.3
2005-12-07 19:12:05+00:00,673.0,360.0,180.0,1,2005-12-11 18:00:00+00:00,94.79861111111111,-55.0,4.7
2006-04-30 09:54:04+00:00,544.0,360.0,180.0,1,2006-05-04 15:00:00+00:00,101.0988888888889,-40.0,4.7
2006-05-01 15:30:04+00:00,487.0,360.0,180.0,1,2006-05-04 15:00:00+00:00,71.49888888888889,-40.0,5.0
2006-05-14 21:30:07+00:00,316.0,360.0,180.0,1,2006-05-18 17:00:00+00:00,91.49805555555555,-38.0,4.3
2006-08-07 02:06:04+00:00,130.0,360.0,180.0,1,2006-08-08 04:00:00+00:00,25.898888888888887,-37.0,3.3
2006-08-16 07:31:43+00:00,563.0,360.0,180.0,1,2006-08-20 01:00:00+00:00,89.4713888888889,-79.0,6.0
2006-08-16 16:30:04+00:00,888.0,360.0,180.0,1,2006-08-20 01:00:00+00:00,80.49888888888889,-79.0,6.0
2006-09-02 20:57:08+00:00,928.0,6.0,179.0,0,2006-09-04 05:00:00+00:00,32.047777777777775,-45.0,5.7
2006-09-30 16:30:04+00:00,845.0,69.0,278.0,0,2006-10-01 17:00:00+00:00,24.49888888888889,-30.0,3.0
2006-11-05 14:06:04+00:00,882.0,43.0,74.0,0,2006-11-10 01:00:00+00:00,106.89888888888889,-63.0,6.0
2006-11-05 17:54:04+00:00,1398.0,196.0,39.0,0,2006-11-10 01:00:00+00:00,103.0988888888889,-63.0,6.0
2006-11-06 04:06:04+00:00,996.0,59.0,72.0,0,2006-11-10 01:00:00+00:00,92.89888888888889,-63.0,6.0
2006-11-06 10:30:04+00:00,829.0,55.0,77.0,0,2006-11-10 01:00:00+00:00,86.49888888888889,-63.0,6.0
2006-11-06 14:30:04+00:00,815.0,28.0,84.0,0,2006-11-10 01:00:00+00:00,82.49888888888889,-63.0,6.0
2006-11-06 17:54:04+00:00,1994.0,360.0,180.0,1,2006-11-10 01:00:00+00:00,79.0988888888889,-63.0,6.0
2006-11-07 00:54:04+00:00,1155.0,29.0,83.0,0,2006-11-10 01:00:00+00:00,72.0988888888889,-63.0,6.0
2006-11-07 13:54:04+00:00,995.0,59.0,75.0,0,2006-11-10 01:00:00+00:00,59.09888888888889,-63.0,6.0
2006-11-09 19:50:04+00:00,873.0,7.0,120.0,0,2006-11-11 06:00:00+00:00,34.16555555555556,-48.0,4.0
2006-11-22 12:06:04+00:00,1044.0,74.0,249.0,0,2006-11-24 08:00:00+00:00,43.89888888888889,-37.0,4.3
2006-12-06 20:12:05+00:00,,360.0,180.0,1,2006-12-07 22:00:00+00:00,25.79861111111111,-47.0,5.0
2006-12-06 22:12:04+00:00,935.0,79.0,133.0,0,2006-12-07 23:00:00+00:00,24.79888888888889,-41.0,5.0
2006-12-07 19:37:56+00:00,830.0,78.0,128.0,0,2006-12-12 05:00:00+00:00,105.36777777777777,-55.0,5.3
2006-12-13 02:54:04+00:00,1774.0,360.0,180.0,1,2006-12-15 07:00:00+00:00,52.09888888888889,-162.0,8.3
2006-12-14 22:30:04+00:00,1042.0,360.0,180.0,1,2006-12-15 23:00:00+00:00,24.49888888888889,-79.0,4.3
2007-01-25 06:54:04+00:00,1367.0,360.0,180.0,1,2007-01-29 21:00:00+00:00,110.0988888888889,-49.0,5.3
2007-05-19 13:24:04+00:00,958.0,106.0,260.0,0,2007-05-23 13:00:00+00:00,95.5988888888889,-58.0,5.7
2008-03-25 19:31:36+00:00,1103.0,112.0,98.0,0,2008-03-27 21:00:00+00:00,49.473333333333336,-56.0,5.0
2010-02-12 13:42:04+00:00,509.0,360.0,180.0,1,2010-02-15 23:00:00+00:00,81.29888888888888,-59.0,4.3
2010-02-12 22:30:03+00:00,1180.0,120.0,293.0,0,2010-02-15 23:00:00+00:00,72.49916666666667,-59.0,4.3
2010-02-13 23:18:11+00:00,1005.0,63.0,290.0,0,2010-02-15 23:00:00+00:00,47.69694444444445,-59.0,4.3
2010-03-06 07:51:49+00:00,1009.0,127.0,109.0,0,2010-03-11 05:00:00+00:00,117.13638888888889,-30.0,3.7
2010-04-03 10:33:58+00:00,668.0,360.0,180.0,1,2010-04-06 14:00:00+00:00,75.43388888888889,-81.0,7.7
2010-05-24 14:06:05+00:00,427.0,360.0,180.0,1,2010-05-29 12:00:00+00:00,117.89861111111111,-80.0,5.3
2010-07-26 14:54:05+00:00,819.0,11.0,22.0,0,2010-07-28 00:00:00+00:00,33.09861111111111,-31.0,4.0
2010-08-01 13:42:05+00:00,850.0,360.0,180.0,1,2010-08-04 01:00:00+00:00,59.298611111111114,-74.0,6.7
2010-08-07 18:36:06+00:00,871.0,360.0,180.0,1,2010-08-09 08:00:00+00:00,37.39833333333333,-32.0,3.3
2010-09-04 15:12:09+00:00,954.0,16.0,296.0,0,2010-09-08 18:00:00+00:00,98.7975,-38.0,3.7
2010-11-08 13:25:45+00:00,1699.0,10.0,180.0,0,2010-11-11 23:00:00+00:00,81.57083333333334,-45.0,4.7
2011-02-01 23:24:12+00:00,437.0,360.0,180.0,1,2011-02-04 21:00:00+00:00,69.59666666666666,-63.0,5.7
2011-02-14 18:24:05+00:00,326.0,360.0,180.0,1,2011-02-18 15:00:00+00:00,92.59861111111111,-32.0,5.0
2011-02-15 02:24:05+00:00,669.0,360.0,180.0,1,2011-02-18 15:00:00+00:00,84.59861111111111,-32.0,5.0
2011-03-07 20:00:05+00:00,2125.0,360.0,180.0,1,2011-03-11 05:00:00+00:00,80.99861111111112,-83.0,5.7
2011-03-29 20:36:07+00:00,1264.0,195.0,54.0,0,2011-04-02 02:00:00+00:00,77.39805555555556,-38.0,4.3
2011-03-30 19:24:06+00:00,965.0,14.0,323.0,0,2011-04-02 02:00:00+00:00,54.598333333333336,-38.0,4.3
2011-04-04 15:57:12+00:00,2081.0,109.0,61.0,0,2011-04-06 18:00:00+00:00,50.04666666666667,-60.0,5.0
2011-04-06 07:36:05+00:00,1042.0,16.0,259.0,0,2011-04-09 03:00:00+00:00,67.39861111111111,-40.0,4.0
2011-04-27 02:36:05+00:00,924.0,257.0,32.0,0,2011-04-30 19:00:00+00:00,88.39861111111111,-46.0,5.3
2011-05-29 02:00:07+00:00,1165.0,40.0,269.0,0,2011-05-30 04:00:00+00:00,25.998055555555556,-38.0,3.7
2011-05-29 21:24:08+00:00,1407.0,186.0,107.0,0,2011-06-02 12:00:00+00:00,86.59777777777778,-35.0,3.7
2011-06-02 08:12:06+00:00,976.0,360.0,180.0,1,2011-06-05 05:00:00+00:00,68.79833333333333,-45.0,6.3
2011-06-04 06:48:06+00:00,1407.0,360.0,180.0,1,2011-06-05 15:00:00+00:00,32.19833333333333,-40.0,4.0
2011-06-04 22:05:02+00:00,2425.0,360.0,180.0,1,2011-06-08 04:00:00+00:00,77.9161111111111,-39.0,4.0
2011-06-05 08:24:14+00:00,807.0,15.0,293.0,0,2011-06-08 04:00:00+00:00,67.59611111111111,-39.0,4.0
2011-06-07 06:49:12+00:00,1255.0,360.0,180.0,1,2011-06-09 21:00:00+00:00,62.18,-37.0,3.3
2011-06-07 19:16:26+00:00,738.0,360.0,180.0,1,2011-06-09 21:00:00+00:00,49.72611111111111,-37.0,3.3
2011-06-21 03:16:10+00:00,719.0,360.0,180.0,1,2011-06-23 20:00:00+00:00,64.73055555555555,-30.0,4.0
2011-07-26 10:12:06+00:00,382.0,360.0,180.0,1,2011-07-30 22:00:00+00:00,107.79833333333333,-40.0,5.0
2011-08-03 14:00:07+00:00,610.0,360.0,180.0,1,2011-08-06 03:00:00+00:00,60.99805555555555,-115.0,7.7
2011-08-04 04:12:05+00:00,1315.0,360.0,180.0,1,2011-08-06 03:00:00+00:00,46.798611111111114,-115.0,7.7
2011-09-06 02:24:05+00:00,782.0,360.0,180.0,1,2011-09-10 04:00:00+00:00,97.59861111111111,-75.0,5.7
2011-09-06 23:05:57+00:00,575.0,360.0,180.0,1,2011-09-10 04:00:00+00:00,76.90083333333334,-75.0,5.7
2011-09-07 18:48:05+00:00,924.0,188.0,65.0,0,2011-09-10 04:00:00+00:00,57.19861111111111,-75.0,5.7
2011-09-08 22:12:06+00:00,983.0,281.0,350.0,0,2011-09-10 04:00:00+00:00,29.798333333333332,-75.0,5.7
2011-09-21 22:12:05+00:00,1007.0,255.0,325.0,0,2011-09-26 22:00:00+00:00,119.79861111111111,-117.0,6.3
2011-09-22 10:48:06+00:00,1905.0,360.0,180.0,1,2011-09-26 23:00:00+00:00,108.19833333333334,-118.0,6.3
2011-09-23 00:48:06+00:00,1116.0,44.0,105.0,0,2011-09-26 23:00:00+00:00,94.19833333333334,-118.0,6.3
2011-09-23 06:24:05+00:00,1216.0,49.0,112.0,0,2011-09-26 23:00:00+00:00,88.59861111111111,-118.0,6.3
2011-09-24 09:48:06+00:00,1936.0,145.0,92.0,0,2011-09-26 23:00:00+00:00,61.19833333333333,-118.0,6.3
2011-09-24 12:48:07+00:00,1915.0,360.0,180.0,1,2011-09-26 23:00:00+00:00,58.198055555555555,-118.0,6.3
2011-09-24 19:36:06+00:00,972.0,360.0,180.0,1,2011-09-26 23:00:00+00:00,51.39833333333333,-118.0,6.3
2011-10-01 20:48:05+00:00,1238.0,360.0,180.0,1,2011-10-05 14:00:00+00:00,89.1986111111111,-43.0,4.3
2011-10-04 13:25:51+00:00,1101.0,360.0,180.0,1,2011-10-09 11:00:00+00:00,117.56916666666666,-44.0,4.3
2011-10-20 03:36:05+00:00,893.0,193.0,298.0,0,2011-10-25 01:00:00+00:00,117.39861111111111,-147.0,7.3
2011-10-22 01:25:53+00:00,593.0,360.0,180.0,1,2011-10-25 01:00:00+00:00,71.56861111111111,-147.0,7.3
2011-10-22 10:24:05+00:00,1005.0,360.0,180.0,1,2011-10-25 01:00:00+00:00,62.59861111111111,-147.0,7.3
2011-10-27 12:00:06+00:00,570.0,360.0,180.0,1,2011-11-01 12:00:00+00:00,119.99833333333333,-57.0,4.7
2011-11-03 23:30:05+00:00,991.0,360.0,180.0,1,2011-11-05 02:00:00+00:00,26.49861111111111,-40.0,2.3
2011-11-04 01:25:29+00:00,756.0,360.0,180.0,1,2011-11-05 02:00:00+00:00,24.575277777777778,-40.0,2.3
2011-11-26 07:12:06+00:00,933.0,360.0,180.0,1,2011-11-30 18:00:00+00:00,106.79833333333333,-41.0,4.0
2011-11-27 14:00:05+00:00,455.0,360.0,180.0,1,2011-11-30 18:00:00+00:00,75.99861111111112,-41.0,4.0
2011-12-30 19:12:05+00:00,960.0,179.0,2.0,0,2012-01-03 09:00:00+00:00,85.79861111111111,-35.0,3.7
2012-01-01 01:25:49+00:00,801.0,23.0,40.0,0,2012-01-03 09:00:00+00:00,55.569722222222225,-35.0,3.7
2012-01-19 14:36:05+00:00,1120.0,360.0,180.0,1,2012-01-23 05:00:00+00:00,86.39861111111111,-71.0,5.0
2012-01-23 04:00:05+00:00,2175.0,360.0,180.0,1,2012-01-25 10:00:00+00:00,53.99861111111111,-75.0,4.3
2012-02-09 21:17:36+00:00,659.0,360.0,180.0,1,2012-02-14 18:00:00+00:00,116.70666666666666,-35.0,4.0
2012-02-10 20:00:05+00:00,533.0,360.0,180.0,1,2012-02-15 16:00:00+00:00,115.99861111111112,-67.0,5.3
2012-02-16 06:36:05+00:00,538.0,360.0,180.0,1,2012-02-19 04:00:00+00:00,69.39861111111111,-63.0,5.7
2012-02-19 17:00:06+00:00,846.0,83.0,342.0,0,2012-02-21 03:00:00+00:00,33.998333333333335,-36.0,3.3
2012-02-23 08:12:06+00:00,505.0,360.0,180.0,1,2012-02-27 19:00:00+00:00,106.79833333333333,-57.0,5.3
2012-02-25 15:12:08+00:00,1039.0,97.0,51.0,0,2012-02-27 19:00:00+00:00,51.797777777777775,-57.0,5.3
2012-02-29 09:12:08+00:00,466.0,360.0,180.0,1,2012-03-02 01:00:00+00:00,39.797777777777775,-54.0,4.0
2012-03-03 18:36:05+00:00,1078.0,192.0,49.0,0,2012-03-07 09:00:00+00:00,86.39861111111111,-88.0,6.0
2012-03-04 11:00:07+00:00,1306.0,360.0,180.0,1,2012-03-09 08:00:00+00:00,116.99805555555555,-145.0,8.0
2012-03-05 04:00:05+00:00,1531.0,360.0,180.0,1,2012-03-09 08:00:00+00:00,99.99861111111112,-145.0,8.0
2012-03-07 00:24:06+00:00,2684.0,360.0,180.0,1,2012-03-09 08:00:00+00:00,55.598333333333336,-145.0,8.0
2012-03-07 01:30:24+00:00,1825.0,360.0,180.0,1,2012-03-09 08:00:00+00:00,54.49333333333333,-145.0,8.0
2012-03-09 04:26:09+00:00,950.0,360.0,180.0,1,2012-03-10 06:00:00+00:00,25.564166666666665,-80.0,6.3
2012-03-10 18:00:05+00:00,1296.0,360.0,180.0,1,2012-03-15 18:00:00+00:00,119.99861111111112,-79.0,6.3
2012-03-13 17:36:05+00:00,1884.0,360.0,180.0,1,2012-03-15 20:00:00+00:00,50.39861111111111,-88.0,6.3
2012-03-16 20:36:06+00:00,862.0,166.0,320.0,0,2012-03-18 02:00:00+00:00,29.398333333333333,-54.0,5.0
2012-03-18 00:24:05+00:00,1210.0,360.0,180.0,1,2012-03-19 04:00:00+00:00,27.59861111111111,-41.0,4.0
2012-03-21 07:36:05+00:00,1178.0,360.0,180.0,1,2012-03-22 23:00:00+00:00,39.39861111111111,-33.0,4.3
2012-03-24 00:24:05+00:00,1152.0,360.0,180.0,1,2012-03-28 04:00:00+00:00,99.59861111111111,-68.0,5.0
2012-03-26 23:12:05+00:00,1390.0,360.0,180.0,1,2012-03-28 04:00:00+00:00,28.79861111111111,-68.0,4.7
2012-03-27 03:12:09+00:00,1148.0,162.0,319.0,0,2012-03-28 04:00:00+00:00,24.7975,-68.0,4.3
2012-03-27 04:24:05+00:00,880.0,40.0,91.0,0,2012-03-28 05:00:00+00:00,24.59861111111111,-68.0,4.3
2012-03-28 01:36:07+00:00,1033.0,360.0,180.0,1,2012-04-02 00:00:00+00:00,118.39805555555556,-33.0,3.3
2012-04-05 21:25:07+00:00,828.0,360.0,180.0,1,2012-04-07 10:00:00+00:00,36.58138888888889,-40.0,3.3
2012-04-07 21:15:59+00:00,708.0,360.0,180.0,1,2012-04-12 20:00:00+00:00,118.73361111111112,-32.0,4.7
2012-04-09 12:36:07+00:00,921.0,360.0,180.0,1,2012-04-13 04:00:00+00:00,87.39805555555556,-60.0,5.0
2012-04-15 01:25:27+00:00,887.0,82.0,105.0,0,2012-04-17 19:00:00+00:00,65.57583333333334,-32.0,3.3
2012-04-15 02:24:07+00:00,1220.0,173.0,79.0,0,2012-04-17 19:00:00+00:00,64.59805555555556,-32.0,3.3
2012-04-16 00:24:07+00:00,1128.0,81.0,100.0,0,2012-04-17 19:00:00+00:00,42.598055555555554,-32.0,3.3
2012-04-16 17:48:07+00:00,1348.0,166.0,62.0,0,2012-04-17 19:00:00+00:00,25.198055555555555,-32.0,3.3
2012-04-17 08:00:05+00:00,893.0,59.0,113.0,0,2012-04-22 00:00:00+00:00,111.99861111111112,-36.0,3.7
2012-04-18 15:12:08+00:00,840.0,184.0,64.0,0,2012-04-22 00:00:00+00:00,80.79777777777778,-36.0,4.3
2012-04-23 18:24:05+00:00,528.0,360.0,180.0,1,2012-04-24 23:00:00+00:00,28.59861111111111,-64.0,5.3
2012-05-12 00:00:05+00:00,805.0,360.0,180.0,1,2012-05-16 23:00:00+00:00,118.99861111111112,-43.0,3.7
2012-06-02 03:48:06+00:00,819.0,47.0,237.0,0,2012-06-03 19:00:00+00:00,39.19833333333333,-49.0,5.7
2012-06-02 04:36:05+00:00,1175.0,130.0,80.0,0,2012-06-03 19:00:00+00:00,38.39861111111111,-49.0,5.7
2012-06-07 13:36:19+00:00,820.0,59.0,316.0,0,2012-06-12 01:00:00+00:00,107.39472222222223,-67.0,5.3
2012-06-08 00:36:05+00:00,992.0,72.0,297.0,0,2012-06-12 01:00:00+00:00,96.39861111111111,-67.0,5.3
2012-06-09 19:48:05+00:00,898.0,32.0,314.0,0,2012-06-12 01:00:00+00:00,53.19861111111111,-67.0,5.3
2012-06-10 05:24:05+00:00,833.0,12.0,292.0,0,2012-06-12 01:00:00+00:00,43.59861111111111,-67.0,5.3
2012-06-11 15:12:08+00:00,831.0,18.0,281.0,0,2012-06-12 16:00:00+00:00,24.797777777777778,-35.0,3.0
2012-06-13 14:36:05+00:00,1153.0,32.0,293.0,0,2012-06-17 13:00:00+00:00,94.39861111111111,-86.0,6.3
2012-06-14 14:12:07+00:00,987.0,360.0,180.0,1,2012-06-17 13:00:00+00:00,70.79805555555555,-86.0,6.3
2012-06-26 13:25:46+00:00,920.0,89.0,45.0,0,2012-06-30 20:00:00+00:00,102.57055555555556,-37.0,4.7
2012-06-28 06:24:05+00:00,728.0,360.0,180.0,1,2012-06-30 20:00:00+00:00,61.59861111111111,-37.0,4.7
2012-06-28 20:00:05+00:00,1313.0,145.0,42.0,0,2012-06-30 20:00:00+00:00,47.99861111111111,-37.0,4.7
2012-06-29 09:36:05+00:00,904.0,49.0,32.0,0,2012-06-30 20:00:00+00:00,34.39861111111111,-37.0,4.7
2012-07-02 06:24:04+00:00,988.0,134.0,267.0,0,2012-07-06 21:00:00+00:00,110.5988888888889,-36.0,4.3
2012-07-02 08:36:04+00:00,1074.0,360.0,180.0,1,2012-07-06 21:00:00+00:00,108.39888888888889,-36.0,4.3
2012-07-04 17:24:04+00:00,662.0,360.0,180.0,1,2012-07-09 12:00:00+00:00,114.5988888888889,-78.0,6.7
2012-07-05 22:00:04+00:00,980.0,94.0,220.0,0,2012-07-09 12:00:00+00:00,85.99888888888889,-78.0,6.7
2012-07-06 03:12:07+00:00,1059.0,73.0,228.0,0,2012-07-09 12:00:00+00:00,80.79805555555555,-78.0,6.7
2012-07-06 23:24:06+00:00,1828.0,360.0,180.0,1,2012-07-09 12:00:00+00:00,60.598333333333336,-78.0,6.7
2012-07-08 14:36:05+00:00,796.0,360.0,180.0,1,2012-07-09 22:00:00+00:00,31.398611111111112,-78.0,5.3
2012-07-08 16:36:07+00:00,1572.0,157.0,212.0,0,2012-07-09 22:00:00+00:00,29.398055555555555,-78.0,5.3
2012-07-08 17:36:05+00:00,822.0,128.0,224.0,0,2012-07-09 22:00:00+00:00,28.398611111111112,-78.0,4.3
2012-07-08 21:12:10+00:00,923.0,57.0,262.0,0,2012-07-09 22:00:00+00:00,24.79722222222222,-78.0,4.3
2012-07-09 05:48:05+00:00,1199.0,63.0,235.0,0,2012-07-10 08:00:00+00:00,26.198611111111113,-38.0,3.7
2012-07-11 01:25:27+00:00,379.0,360.0,180.0,1,2012-07-15 16:00:00+00:00,110.57583333333334,-139.0,7.0
2012-07-12 16:24:05+00:00,843.0,76.0,228.0,0,2012-07-15 16:00:00+00:00,71.59861111111111,-139.0,7.0
2012-07-12 16:48:05+00:00,885.0,360.0,180.0,1,2012-07-15 16:00:00+00:00,71.1986111111111,-139.0,7.0
2012-07-17 13:48:06+00:00,958.0,176.0,255.0,0,2012-07-18 21:00:00+00:00,31.198333333333334,-34.0,3.0
2012-07-18 06:24:05+00:00,873.0,360.0,180.0,1,2012-07-20 19:00:00+00:00,60.59861111111111,-31.0,3.0
2012-07-19 05:24:05+00:00,1631.0,360.0,180.0,1,2012-07-20 19:00:00+00:00,37.59861111111111,-31.0,3.0
2012-07-28 21:12:08+00:00,420.0,360.0,180.0,1,2012-07-30 19:00:00+00:00,45.797777777777775,-36.0,5.0
2012-08-04 13:36:23+00:00,856.0,360.0,180.0,1,2012-08-08 02:00:00+00:00,84.39361111111111,-34.0,4.7
2012-08-29 11:48:05+00:00,113.0,360.0,180.0,1,2012-09-03 10:00:00+00:00,118.1986111111111,-69.0,4.7
2012-08-31 20:00:05+00:00,1442.0,360.0,180.0,1,2012-09-03 10:00:00+00:00,61.99861111111111,-69.0,5.7
2012-09-02 04:00:06+00:00,538.0,360.0,180.0,1,2012-09-03 10:00:00+00:00,29.998333333333335,-69.0,5.7
2012-09-27 10:12:05+00:00,1319.0,360.0,180.0,1,2012-10-01 04:00:00+00:00,89.79861111111111,-122.0,6.7
2012-09-28 00:12:05+00:00,947.0,360.0,180.0,1,2012-10-01 04:00:00+00:00,75.79861111111111,-122.0,6.7
2012-09-28 10:36:05+00:00,768.0,360.0,180.0,1,2012-10-01 04:00:00+00:00,65.39861111111111,-122.0,6.7
2012-09-29 00:12:05+00:00,755.0,360.0,180.0,1,2012-10-01 04:00:00+00:00,51.798611111111114,-122.0,6.7
2012-10-01 11:48:05+00:00,833.0,37.0,90.0,0,2012-10-02 12:00:00+00:00,24.198611111111113,-47.0,2.7
2012-10-14 00:48:05+00:00,987.0,360.0,180.0,1,2012-10-15 04:00:00+00:00,27.198611111111113,-38.0,3.7
2012-10-27 16:48:05+00:00,317.0,360.0,180.0,1,2012-11-01 12:00:00+00:00,115.1986111111111,-59.0,4.7
2012-11-13 02:24:06+00:00,851.0,141.0,119.0,0,2012-11-14 07:00:00+00:00,28.598333333333333,-108.0,6.3
2012-11-16 00:48:06+00:00,667.0,360.0,180.0,1,2012-11-20 21:00:00+00:00,116.19833333333334,-33.0,4.3
2012-11-16 07:24:14+00:00,775.0,360.0,180.0,1,2012-11-21 02:00:00+00:00,114.59611111111111,-38.0,4.3
2012-11-20 12:00:07+00:00,619.0,360.0,180.0,1,2012-11-24 09:00:00+00:00,92.99805555555555,-40.0,4.7
2012-11-21 04:24:07+00:00,920.0,360.0,180.0,1,2012-11-24 09:00:00+00:00,76.59805555555556,-40.0,4.7
2012-11-21 16:00:05+00:00,529.0,360.0,180.0,1,2012-11-24 09:00:00+00:00,64.99861111111112,-40.0,4.7
2012-11-22 09:48:07+00:00,819.0,136.0,73.0,0,2012-11-24 09:00:00+00:00,47.198055555555555,-40.0,4.7
2013-01-14 09:12:10+00:00,828.0,25.0,201.0,0,2013-01-17 23:00:00+00:00,85.79722222222222,-52.0,4.0
2013-01-14 19:00:07+00:00,871.0,15.0,225.0,0,2013-01-17 23:00:00+00:00,75.99805555555555,-52.0,4.0
2013-01-15 04:24:06+00:00,966.0,81.0,239.0,0,2013-01-17 23:00:00+00:00,66.59833333333333,-52.0,4.0
2013-01-16 07:12:05+00:00,860.0,28.0,205.0,0,2013-01-17 23:00:00+00:00,39.798611111111114,-52.0,4.0
2013-01-17 08:36:06+00:00,879.0,21.0,234.0,0,2013-01-20 02:00:00+00:00,65.39833333333333,-33.0,3.7
2013-02-11 19:12:06+00:00,1161.0,49.0,312.0,0,2013-02-14 07:00:00+00:00,59.79833333333333,-37.0,4.3
2013-02-12 23:12:40+00:00,1050.0,165.0,225.0,0,2013-02-17 20:00:00+00:00,116.78888888888889,-40.0,4.0
2013-02-13 15:36:05+00:00,852.0,16.0,251.0,0,2013-02-17 20:00:00+00:00,100.39861111111111,-40.0,4.0
2013-02-14 04:36:06+00:00,851.0,110.0,326.0,0,2013-02-17 20:00:00+00:00,87.39833333333333,-40.0,4.0
2013-02-26 09:12:08+00:00,987.0,360.0,180.0,1,2013-03-01 10:00:00+00:00,72.79777777777778,-55.0,5.0
2013-03-03 01:25:49+00:00,890.0,9.0,241.0,0,2013-03-04 02:00:00+00:00,24.56972222222222,-35.0,2.7
2013-03-12 10:00:05+00:00,929.0,39.0,246.0,0,2013-03-17 10:00:00+00:00,119.99861111111112,-89.0,6.7
2013-03-12 10:36:05+00:00,1024.0,196.0,1.0,0,2013-03-17 10:00:00+00:00,119.39861111111111,-89.0,6.7
2013-03-15 07:12:05+00:00,1063.0,360.0,180.0,1,2013-03-17 20:00:00+00:00,60.798611111111114,-132.0,6.7
2013-04-20 09:12:10+00:00,911.0,31.0,91.0,0,2013-04-24 18:00:00+00:00,104.79722222222222,-48.0,5.0
2013-04-21 07:24:07+00:00,919.0,360.0,180.0,1,2013-04-24 18:00:00+00:00,82.59805555555556,-48.0,5.0
2013-04-21 16:00:07+00:00,857.0,130.0,273.0,0,2013-04-24 18:00:00+00:00,73.99805555555555,-48.0,5.0
2013-04-24 00:48:05+00:00,699.0,360.0,180.0,1,2013-04-25 01:00:00+00:00,24.198611111111113,-34.0,4.7
2013-04-24 22:12:06+00:00,594.0,360.0,180.0,1,2013-04-26 09:00:00+00:00,34.79833333333333,-34.0,4.7
2013-04-25 00:36:05+00:00,826.0,161.0,232.0,0,2013-04-26 09:00:00+00:00,32.39861111111111,-34.0,4.7
2013-05-01 03:12:08+00:00,762.0,360.0,180.0,1,2013-05-02 04:00:00+00:00,24.797777777777778,-47.0,3.7
2013-05-03 18:00:05+00:00,858.0,274.0,86.0,0,2013-05-05 06:00:00+00:00,35.99861111111111,-33.0,3.3
2013-05-13 02:00:05+00:00,1270.0,360.0,180.0,1,2013-05-16 23:00:00+00:00,92.99861111111112,-35.0,4.3
2013-05-13 16:07:55+00:00,1850.0,360.0,180.0,1,2013-05-18 04:00:00+00:00,107.86805555555556,-61.0,5.3
2013-05-13 17:24:05+00:00,849.0,149.0,265.0,0,2013-05-18 04:00:00+00:00,106.59861111111111,-61.0,5.3
2013-05-14 01:25:51+00:00,2625.0,360.0,180.0,1,2013-05-18 04:00:00+00:00,98.56916666666666,-61.0,5.3
2013-05-14 22:12:07+00:00,801.0,27.0,46.0,0,2013-05-18 04:00:00+00:00,77.79805555555555,-61.0,5.3
2013-05-14 23:12:12+00:00,971.0,63.0,34.0,0,2013-05-18 04:00:00+00:00,76.79666666666667,-61.0,5.3
2013-05-15 01:48:05+00:00,1366.0,360.0,180.0,1,2013-05-18 04:00:00+00:00,74.1986111111111,-61.0,5.3
2013-05-16 07:48:05+00:00,951.0,63.0,88.0,0,2013-05-18 04:00:00+00:00,44.19861111111111,-61.0,5.3
2013-05-17 09:12:10+00:00,1345.0,360.0,180.0,1,2013-05-19 14:00:00+00:00,52.797222222222224,-51.0,3.7
2013-05-22 13:25:50+00:00,1466.0,360.0,180.0,1,2013-05-25 06:00:00+00:00,64.56944444444444,-59.0,5.7
2013-05-24 20:36:05+00:00,808.0,22.0,264.0,0,2013-05-25 21:00:00+00:00,24.398611111111112,-51.0,5.0
2013-06-17 23:36:06+00:00,827.0,113.0,135.0,0,2013-06-22 20:00:00+00:00,116.39833333333333,-32.0,4.3
2013-06-21 03:12:09+00:00,1900.0,207.0,123.0,0,2013-06-24 22:00:00+00:00,90.7975,-49.0,4.3
2013-06-24 04:00:05+00:00,709.0,360.0,180.0,1,2013-06-29 01:00:00+00:00,116.99861111111112,-100.0,6.3
2013-06-25 11:12:05+00:00,349.0,360.0,180.0,1,2013-06-29 06:00:00+00:00,90.79861111111111,-102.0,6.3
2013-06-25 22:00:05+00:00,1139.0,53.0,243.0,0,2013-06-29 06:00:00+00:00,79.99861111111112,-102.0,6.3
2013-06-28 02:00:05+00:00,1037.0,360.0,180.0,1,2013-06-29 06:00:00+00:00,27.99861111111111,-102.0,6.3
2013-07-01 20:24:05+00:00,819.0,208.0,123.0,0,2013-07-06 18:00:00+00:00,117.59861111111111,-87.0,4.7
2013-07-03 07:24:05+00:00,807.0,267.0,137.0,0,2013-07-06 18:00:00+00:00,82.59861111111111,-87.0,4.7
2013-07-09 15:12:09+00:00,449.0,360.0,180.0,1,2013-07-14 15:00:00+00:00,119.7975,-58.0,4.7
2013-08-19 23:12:11+00:00,877.0,360.0,180.0,1,2013-08-23 02:00:00+00:00,74.79694444444445,-40.0,4.3
2013-08-20 08:12:05+00:00,784.0,360.0,180.0,1,2013-08-23 02:00:00+00:00,65.79861111111111,-40.0,4.3
2013-08-30 02:48:05+00:00,949.0,360.0,180.0,1,2013-08-31 08:00:00+00:00,29.198611111111113,-42.0,3.3
2013-09-29 22:12:05+00:00,1179.0,360.0,180.0,1,2013-10-02 07:00:00+00:00,56.798611111111114,-72.0,7.7
2013-10-05 07:09:51+00:00,964.0,360.0,180.0,1,2013-10-09 01:00:00+00:00,89.83583333333333,-69.0,5.7
2013-10-06 14:43:22+00:00,567.0,360.0,180.0,1,2013-10-09 01:00:00+00:00,58.27722222222222,-69.0,5.7
2013-10-11 07:24:10+00:00,1200.0,360.0,180.0,1,2013-10-15 03:00:00+00:00,91.59722222222223,-49.0,4.3
2013-10-25 15:12:09+00:00,1081.0,360.0,180.0,1,2013-10-30 11:00:00+00:00,115.7975,-35.0,3.3
2013-10-26 11:24:05+00:00,796.0,360.0,180.0,1,2013-10-30 23:00:00+00:00,107.59861111111111,-56.0,4.0
2013-10-26 19:12:05+00:00,822.0,207.0,74.0,0,2013-10-30 23:00:00+00:00,99.79861111111111,-56.0,4.0
2013-10-28 02:24:05+00:00,695.0,360.0,180.0,1,2013-10-30 23:00:00+00:00,68.59861111111111,-56.0,4.0
2013-10-28 04:48:05+00:00,1201.0,156.0,315.0,0,2013-10-30 23:00:00+00:00,66.1986111111111,-56.0,4.0
2013-10-28 09:36:05+00:00,814.0,27.0,277.0,0,2013-10-30 23:00:00+00:00,61.39861111111111,-56.0,4.0
2013-10-28 14:12:05+00:00,1073.0,93.0,283.0,0,2013-10-30 23:00:00+00:00,56.798611111111114,-56.0,4.0
2013-10-28 15:36:05+00:00,812.0,360.0,180.0,1,2013-10-30 23:00:00+00:00,55.39861111111111,-56.0,4.0
2013-10-28 20:12:05+00:00,886.0,50.0,313.0,0,2013-10-30 23:00:00+00:00,50.798611111111114,-56.0,4.0
2013-10-29 22:00:06+00:00,1001.0,360.0,180.0,1,2013-10-30 23:00:00+00:00,24.998333333333335,-56.0,4.0
2013-11-04 05:12:05+00:00,1040.0,360.0,180.0,1,2013-11-07 12:00:00+00:00,78.79861111111111,-50.0,4.7
2013-11-05 08:24:06+00:00,850.0,197.0,136.0,0,2013-11-09 08:00:00+00:00,95.59833333333333,-80.0,5.0
2013-11-07 00:00:06+00:00,1033.0,360.0,180.0,1,2013-11-09 08:00:00+00:00,55.998333333333335,-80.0,5.0
2013-11-07 10:36:05+00:00,1405.0,360.0,180.0,1,2013-11-09 08:00:00+00:00,45.39861111111111,-80.0,5.0
2013-11-07 15:12:10+00:00,411.0,360.0,180.0,1,2013-11-09 08:00:00+00:00,40.797222222222224,-80.0,5.0
2013-11-08 03:24:07+00:00,497.0,360.0,180.0,1,2013-11-09 08:00:00+00:00,28.598055555555554,-80.0,5.0
2013-12-07 07:36:05+00:00,1085.0,360.0,180.0,1,2013-12-08 08:00:00+00:00,24.398611111111112,-66.0,3.7
2013-12-12 03:36:05+00:00,1002.0,276.0,214.0,0,2013-12-14 17:00:00+00:00,61.39861111111111,-38.0,4.0
2013-12-21 13:12:06+00:00,373.0,360.0,180.0,1,2013-12-25 13:00:00+00:00,95.79833333333333,-35.0,3.0
2013-12-23 08:12:05+00:00,1409.0,94.0,308.0,0,2013-12-25 13:00:00+00:00,52.798611111111114,-35.0,3.0
2013-12-28 17:36:06+00:00,1118.0,360.0,180.0,1,2014-01-01 15:00:00+00:00,93.39833333333333,-39.0,4.3
2013-12-31 10:36:05+00:00,1101.0,230.0,124.0,0,2014-01-01 15:00:00+00:00,28.398611111111112,-39.0,4.3
2014-01-02 13:48:06+00:00,894.0,57.0,184.0,0,2014-01-03 19:00:00+00:00,29.198333333333334,-31.0,3.0
2014-02-12 06:00:05+00:00,373.0,360.0,180.0,1,2014-02-16 21:00:00+00:00,110.99861111111112,-31.0,5.0
2014-02-12 16:36:05+00:00,533.0,360.0,180.0,1,2014-02-16 21:00:00+00:00,100.39861111111111,-31.0,5.0
2014-02-12 23:06:13+00:00,872.0,360.0,180.0,1,2014-02-16 21:00:00+00:00,93.8963888888889,-31.0,5.0
2014-02-14 08:48:26+00:00,1165.0,360.0,180.0,1,2014-02-19 08:00:00+00:00,119.19277777777778,-119.0,6.3
2014-02-16 10:00:05+00:00,634.0,360.0,180.0,1,2014-02-19 08:00:00+00:00,69.99861111111112,-119.0,6.3
2014-02-18 01:36:21+00:00,779.0,360.0,180.0,1,2014-02-19 08:00:00+00:00,30.394166666666667,-119.0,6.3
2014-02-19 04:48:05+00:00,612.0,360.0,180.0,1,2014-02-20 12:00:00+00:00,31.198611111111113,-95.0,6.0
2014-02-20 03:12:09+00:00,993.0,360.0,180.0,1,2014-02-22 01:00:00+00:00,45.7975,-64.0,4.3
2014-02-20 08:00:07+00:00,948.0,360.0,180.0,1,2014-02-22 01:00:00+00:00,40.99805555555555,-64.0,4.3
2014-02-21 16:00:05+00:00,1252.0,360.0,180.0,1,2014-02-23 19:00:00+00:00,50.99861111111111,-55.0,4.3
2014-02-22 12:12:05+00:00,1023.0,233.0,247.0,0,2014-02-23 19:00:00+00:00,30.79861111111111,-55.0,4.3
2014-02-25 01:25:50+00:00,2147.0,360.0,180.0,1,2014-02-27 23:00:00+00:00,69.56944444444444,-97.0,5.3
2014-04-08 23:12:12+00:00,514.0,360.0,180.0,1,2014-04-12 09:00:00+00:00,81.79666666666667,-87.0,4.7
2014-04-12 07:24:06+00:00,1016.0,139.0,100.0,0,2014-04-13 08:00:00+00:00,24.598333333333333,-52.0,3.3
2014-04-17 22:24:05+00:00,824.0,119.0,212.0,0,2014-04-21 14:00:00+00:00,87.59861111111111,-32.0,5.0
2014-04-18 09:24:19+00:00,926.0,19.0,157.0,0,2014-04-21 14:00:00+00:00,76.59472222222222,-32.0,5.0
2014-04-18 13:25:51+00:00,1203.0,360.0,180.0,1,2014-04-21 14:00:00+00:00,72.56916666666666,-32.0,5.0
2014-04-18 19:24:05+00:00,820.0,13.0,265.0,0,2014-04-21 14:00:00+00:00,66.59861111111111,-32.0,5.0
2014-04-18 20:57:33+00:00,812.0,17.0,264.0,0,2014-04-21 14:00:00+00:00,65.04083333333334,-32.0,5.0
2014-04-29 23:24:05+00:00,553.0,360.0,180.0,1,2014-05-04 08:00:00+00:00,104.59861111111111,-47.0,4.3
2014-05-05 15:24:05+00:00,1069.0,124.0,92.0,0,2014-05-08 08:00:00+00:00,64.59861111111111,-46.0,4.7
2014-05-06 17:36:05+00:00,815.0,201.0,287.0,0,2014-05-08 08:00:00+00:00,38.39861111111111,-46.0,4.7
2014-05-06 22:17:37+00:00,831.0,160.0,270.0,0,2014-05-08 08:00:00+00:00,33.70638888888889,-46.0,4.7
2014-05-07 04:36:05+00:00,829.0,18.0,276.0,0,2014-05-08 08:00:00+00:00,27.398611111111112,-46.0,4.7
2014-05-07 09:36:05+00:00,808.0,9.0,58.0,0,2014-05-08 22:00:00+00:00,36.39861111111111,-41.0,4.7
2014-05-07 11:48:05+00:00,811.0,121.0,283.0,0,2014-05-08 22:00:00+00:00,34.19861111111111,-41.0,4.0
2014-05-07 16:24:05+00:00,923.0,360.0,180.0,1,2014-05-08 22:00:00+00:00,29.59861111111111,-41.0,4.0
2014-05-08 03:24:05+00:00,847.0,360.0,180.0,1,2014-05-09 04:00:00+00:00,24.59861111111111,-36.0,3.7
2014-05-09 02:48:05+00:00,1099.0,360.0,180.0,1,2014-05-10 21:00:00+00:00,42.19861111111111,-32.0,3.7
2014-06-04 12:48:05+00:00,467.0,360.0,180.0,1,2014-06-08 23:00:00+00:00,106.1986111111111,-37.0,6.3
2014-06-05 03:36:05+00:00,801.0,50.0,141.0,0,2014-06-08 23:00:00+00:00,91.39861111111111,-37.0,6.3
2014-06-05 11:36:05+00:00,266.0,360.0,180.0,1,2014-06-08 23:00:00+00:00,83.39861111111111,-37.0,6.3
2014-06-06 13:48:05+00:00,1200.0,360.0,180.0,1,2014-06-08 23:00:00+00:00,57.19861111111111,-37.0,6.3
2014-06-14 01:00:05+00:00,809.0,20.0,238.0,0,2014-06-18 22:00:00+00:00,116.99861111111112,-34.0,4.7
2014-06-14 17:00:07+00:00,804.0,40.0,228.0,0,2014-06-18 22:00:00+00:00,100.99805555555555,-34.0,4.7
2014-06-15 13:00:05+00:00,958.0,190.0,195.0,0,2014-06-18 22:00:00+00:00,80.99861111111112,-34.0,4.7
2014-06-16 02:00:05+00:00,1088.0,69.0,234.0,0,2014-06-18 22:00:00+00:00,67.99861111111112,-34.0,4.7
2014-06-17 09:12:09+00:00,1198.0,360.0,180.0,1,2014-06-18 22:00:00+00:00,36.7975,-34.0,4.7
2014-08-22 11:12:05+00:00,600.0,360.0,180.0,1,2014-08-27 11:00:00+00:00,119.79861111111111,-62.0,3.7
2014-08-24 12:36:05+00:00,551.0,360.0,180.0,1,2014-08-27 18:00:00+00:00,77.39861111111111,-79.0,4.7
2014-08-25 15:36:05+00:00,555.0,360.0,180.0,1,2014-08-27 18:00:00+00:00,50.39861111111111,-79.0,4.7
2014-08-28 17:24:05+00:00,766.0,360.0,180.0,1,2014-08-30 01:00:00+00:00,31.59861111111111,-43.0,4.0
2014-09-09 00:06:26+00:00,920.0,360.0,180.0,1,2014-09-12 23:00:00+00:00,94.89277777777778,-88.0,6.3
2014-09-10 17:24:05+00:00,1071.0,134.0,331.0,0,2014-09-12 23:00:00+00:00,53.59861111111111,-88.0,6.3
2014-09-10 18:00:05+00:00,1267.0,360.0,180.0,1,2014-09-12 23:00:00+00:00,52.99861111111111,-88.0,6.3
2014-09-12 18:24:05+00:00,808.0,217.0,335.0,0,2014-09-14 00:00:00+00:00,29.59861111111111,-40.0,2.7
2014-09-22 01:25:27+00:00,830.0,40.0,257.0,0,2014-09-24 02:00:00+00:00,48.575833333333335,-40.0,4.3
2014-09-22 08:48:06+00:00,761.0,360.0,180.0,1,2014-09-24 02:00:00+00:00,41.19833333333333,-40.0,4.3
2014-09-23 07:24:05+00:00,773.0,360.0,180.0,1,2014-09-26 15:00:00+00:00,79.59861111111111,-40.0,4.3
2014-09-23 19:00:05+00:00,887.0,360.0,180.0,1,2014-09-26 15:00:00+00:00,67.99861111111112,-40.0,4.3
2014-09-24 13:36:17+00:00,808.0,13.0,258.0,0,2014-09-26 15:00:00+00:00,49.39527777777778,-40.0,4.3
2014-09-24 21:30:06+00:00,1350.0,360.0,180.0,1,2014-09-26 15:00:00+00:00,41.498333333333335,-40.0,4.3
2014-09-26 04:28:16+00:00,1469.0,360.0,180.0,1,2014-09-30 04:00:00+00:00,95.52888888888889,-39.0,4.0
2014-10-12 17:36:05+00:00,883.0,34.0,257.0,0,2014-10-14 23:00:00+00:00,53.39861111111111,-49.0,5.0
2014-10-13 04:12:05+00:00,1034.0,34.0,83.0,0,2014-10-14 23:00:00+00:00,42.798611111111114,-49.0,5.0
2014-10-14 18:48:06+00:00,848.0,360.0,180.0,1,2014-10-19 01:00:00+00:00,102.19833333333334,-37.0,4.0
2014-10-16 12:36:05+00:00,1189.0,13.0,100.0,0,2014-10-20 17:00:00+00:00,100.39861111111111,-51.0,5.0
2014-10-17 09:24:19+00:00,1053.0,360.0,180.0,1,2014-10-20 17:00:00+00:00,79.59472222222222,-51.0,5.0
2014-11-01 05:00:05+00:00,1628.0,159.0,74.0,0,2014-11-04 10:00:00+00:00,76.99861111111112,-44.0,4.7
2014-11-02 21:48:05+00:00,808.0,77.0,286.0,0,2014-11-04 10:00:00+00:00,36.19861111111111,-44.0,4.7
2014-11-03 20:48:05+00:00,946.0,110.0,137.0,0,2014-11-05 09:00:00+00:00,36.19861111111111,-43.0,4.7
2014-11-06 11:48:35+00:00,956.0,46.0,48.0,0,2014-11-10 17:00:00+00:00,101.19027777777778,-65.0,4.3
2014-11-08 00:12:05+00:00,943.0,96.0,66.0,0,2014-11-10 17:00:00+00:00,64.79861111111111,-65.0,4.7
2014-11-22 00:12:36+00:00,869.0,9.0,156.0,0,2014-11-23 11:00:00+00:00,34.79,-32.0,2.7
2014-11-30 12:24:05+00:00,939.0,124.0,279.0,0,2014-12-05 06:00:00+00:00,113.59861111111111,-30.0,3.7
2014-12-10 18:00:06+00:00,1086.0,228.0,322.0,0,2014-12-12 16:00:00+00:00,45.998333333333335,-53.0,4.3
2014-12-12 04:14:37+00:00,1133.0,127.0,30.0,0,2014-12-13 23:00:00+00:00,42.756388888888885,-40.0,3.3
2014-12-13 14:24:05+00:00,2222.0,360.0,180.0,1,2014-12-15 10:00:00+00:00,43.59861111111111,-37.0,3.3
2014-12-17 02:00:05+00:00,869.0,108.0,107.0,0,2014-12-21 21:00:00+00:00,114.99861111111112,-49.0,5.0
2014-12-17 05:00:05+00:00,587.0,360.0,180.0,1,2014-12-22 05:00:00+00:00,119.99861111111112,-71.0,5.3
2014-12-19 01:04:42+00:00,1195.0,360.0,180.0,1,2014-12-22 05:00:00+00:00,75.92166666666667,-71.0,5.3
2014-12-20 01:25:57+00:00,830.0,257.0,216.0,0,2014-12-22 05:00:00+00:00,51.5675,-71.0,5.3
2014-12-21 12:12:05+00:00,669.0,360.0,180.0,1,2014-12-23 22:00:00+00:00,57.798611111111114,-57.0,4.0
2014-12-25 09:12:10+00:00,897.0,81.0,275.0,0,2014-12-26 20:00:00+00:00,34.797222222222224,-49.0,4.7
2014-12-25 14:00:05+00:00,808.0,24.0,274.0,0,2014-12-26 20:00:00+00:00,29.99861111111111,-49.0,4.7
2014-12-26 05:48:05+00:00,1097.0,156.0,267.0,0,2014-12-29 21:00:00+00:00,87.1986111111111,-42.0,4.7
2014-12-28 16:36:05+00:00,865.0,86.0,237.0,0,2014-12-29 21:00:00+00:00,28.398611111111112,-42.0,4.7
2014-12-28 21:24:06+00:00,868.0,30.0,266.0,0,2015-01-02 20:00:00+00:00,118.59833333333333,-49.0,4.7
2014-12-30 05:00:05+00:00,873.0,13.0,249.0,0,2015-01-02 20:00:00+00:00,86.99861111111112,-49.0,4.7
2014-12-30 21:11:39+00:00,902.0,126.0,221.0,0,2015-01-04 21:00:00+00:00,119.80583333333334,-78.0,5.0
2015-01-09 11:48:05+00:00,948.0,23.0,301.0,0,2015-01-12 13:00:00+00:00,73.1986111111111,-40.0,3.3
2015-01-12 00:00:05+00:00,837.0,12.0,291.0,0,2015-01-13 13:00:00+00:00,36.99861111111111,-32.0,3.0
2015-01-12 15:36:05+00:00,1078.0,210.0,84.0,0,2015-01-14 12:00:00+00:00,44.39861111111111,-30.0,3.0
2015-01-13 09:48:05+00:00,907.0,17.0,278.0,0,2015-01-14 12:00:00+00:00,26.198611111111113,-30.0,3.0
2015-01-20 02:48:05+00:00,1274.0,210.0,341.0,0,2015-01-22 13:00:00+00:00,58.19861111111111,-30.0,3.7
2015-01-28 22:00:05+00:00,817.0,54.0,128.0,0,2015-02-02 06:00:00+00:00,103.99861111111112,-55.0,5.0
2015-02-03 12:36:05+00:00,819.0,73.0,60.0,0,2015-02-07 09:00:00+00:00,92.39861111111111,-44.0,3.3
2015-02-21 09:24:07+00:00,1120.0,360.0,180.0,1,2015-02-24 07:00:00+00:00,69.59805555555556,-58.0,5.3
2015-02-24 10:12:05+00:00,902.0,218.0,107.0,0,2015-03-01 08:00:00+00:00,117.79861111111111,-56.0,5.3
2015-02-28 04:24:05+00:00,280.0,360.0,180.0,1,2015-03-02 08:00:00+00:00,51.59861111111111,-64.0,5.3
2015-02-28 21:36:05+00:00,999.0,360.0,180.0,1,2015-03-02 08:00:00+00:00,34.39861111111111,-64.0,5.3
2015-03-15 01:48:05+00:00,719.0,360.0,180.0,1,2015-03-17 22:00:00+00:00,68.1986111111111,-234.0,7.7
2015-03-20 01:36:05+00:00,806.0,213.0,283.0,0,2015-03-21 02:00:00+00:00,24.398611111111112,-64.0,6.3
2015-03-22 09:36:06+00:00,849.0,13.0,92.0,0,2015-03-23 21:00:00+00:00,35.39833333333333,-50.0,3.7
2015-03-24 08:24:05+00:00,1794.0,360.0,180.0,1,2015-03-28 08:00:00+00:00,95.59861111111111,-42.0,4.0
2015-04-07 14:00:05+00:00,895.0,20.0,277.0,0,2015-04-11 09:00:00+00:00,90.99861111111112,-85.0,5.3
2015-04-12 02:24:05+00:00,884.0,96.0,349.0,0,2015-04-16 23:00:00+00:00,116.59861111111111,-88.0,6.0
2015-04-14 02:36:05+00:00,1198.0,360.0,180.0,1,2015-04-16 23:00:00+00:00,68.39861111111111,-88.0,6.0
2015-04-18 03:12:09+00:00,1082.0,136.0,52.0,0,2015-04-21 07:00:00+00:00,75.7975,-37.0,4.3
2015-04-18 15:12:08+00:00,428.0,360.0,180.0,1,2015-04-21 07:00:00+00:00,63.797777777777775,-37.0,4.3
2015-04-19 21:12:08+00:00,672.0,360.0,180.0,1,2015-04-21 07:00:00+00:00,33.797777777777775,-37.0,4.3
2015-04-23 09:36:05+00:00,857.0,360.0,180.0,1,2015-04-28 00:00:00+00:00,110.39861111111111,-36.0,2.3
2015-04-24 15:12:08+00:00,840.0,22.0,41.0,0,2015-04-28 00:00:00+00:00,80.79777777777778,-36.0,2.3
2015-04-25 14:48:05+00:00,675.0,360.0,180.0,1,2015-04-28 00:00:00+00:00,57.19861111111111,-36.0,2.3
2015-04-26 03:24:05+00:00,820.0,360.0,180.0,1,2015-04-28 00:00:00+00:00,44.59861111111111,-36.0,2.3
2015-05-01 18:12:06+00:00,760.0,360.0,180.0,1,2015-05-06 18:00:00+00:00,119.79833333333333,-35.0,5.3
2015-05-02 20:24:05+00:00,335.0,360.0,180.0,1,2015-05-06 18:00:00+00:00,93.59861111111111,-35.0,5.3
2015-05-03 03:48:06+00:00,753.0,360.0,180.0,1,2015-05-06 18:00:00+00:00,86.19833333333334,-35.0,5.3
2015-05-03 20:48:05+00:00,831.0,114.0,42.0,0,2015-05-06 18:00:00+00:00,69.1986111111111,-35.0,5.3
2015-05-04 03:12:10+00:00,1014.0,360.0,180.0,1,2015-05-06 18:00:00+00:00,62.797222222222224,-35.0,5.3
2015-05-04 09:48:05+00:00,688.0,360.0,180.0,1,2015-05-06 18:00:00+00:00,56.19861111111111,-35.0,5.3
2015-05-05 22:24:05+00:00,715.0,360.0,180.0,1,2015-05-10 11:00:00+00:00,108.59861111111111,-35.0,3.7
2015-05-09 16:00:05+00:00,817.0,65.0,311.0,0,2015-05-13 06:00:00+00:00,85.99861111111112,-82.0,5.7
2015-05-13 18:48:05+00:00,438.0,360.0,180.0,1,2015-05-14 19:00:00+00:00,24.198611111111113,-30.0,3.0
2015-06-03 07:24:05+00:00,818.0,60.0,257.0,0,2015-06-08 07:00:00+00:00,119.59861111111111,-60.0,6.0
2015-06-14 04:12:06+00:00,1228.0,195.0,199.0,0,2015-06-17 15:00:00+00:00,82.79833333333333,-37.0,4.0
2015-06-18 01:25:50+00:00,1714.0,195.0,279.0,0,2015-06-23 01:00:00+00:00,119.56944444444444,-126.0,8.3
2015-06-18 17:24:24+00:00,1305.0,360.0,180.0,1,2015-06-23 04:00:00+00:00,106.59333333333333,-198.0,8.3
2015-06-19 06:42:50+00:00,584.0,360.0,180.0,1,2015-06-23 04:00:00+00:00,93.28611111111111,-198.0,8.3
2015-06-21 02:36:05+00:00,1366.0,360.0,180.0,1,2015-06-23 04:00:00+00:00,49.39861111111111,-198.0,8.3
2015-06-22 18:36:05+00:00,1209.0,360.0,180.0,1,2015-06-23 22:00:00+00:00,27.398611111111112,-96.0,5.7
2015-06-23 02:00:05+00:00,934.0,85.0,235.0,0,2015-06-25 16:00:00+00:00,61.99861111111111,-81.0,5.7
2015-06-23 07:36:05+00:00,850.0,74.0,322.0,0,2015-06-25 16:00:00+00:00,56.39861111111111,-81.0,5.7
2015-06-25 08:36:05+00:00,1627.0,360.0,180.0,1,2015-06-26 17:00:00+00:00,32.39861111111111,-51.0,3.7
2015-07-01 14:36:04+00:00,1435.0,360.0,180.0,1,2015-07-05 05:00:00+00:00,86.39888888888889,-74.0,5.3
2015-07-24 15:12:07+00:00,824.0,15.0,112.0,0,2015-07-26 00:00:00+00:00,32.79805555555556,-42.0,3.0
2015-07-26 08:48:04+00:00,303.0,360.0,180.0,1,2015-07-31 03:00:00+00:00,114.19888888888889,-35.0,4.3
2015-08-08 00:12:06+00:00,876.0,224.0,121.0,0,2015-08-13 00:00:00+00:00,119.79833333333333,-35.0,3.3
2015-08-09 11:48:04+00:00,810.0,99.0,314.0,0,2015-08-13 01:00:00+00:00,85.19888888888889,-38.0,4.3
2015-08-13 02:12:04+00:00,962.0,137.0,320.0,0,2015-08-16 07:00:00+00:00,76.79888888888888,-98.0,6.0
2015-08-22 07:12:04+00:00,547.0,360.0,180.0,1,2015-08-27 05:00:00+00:00,117.79888888888888,-92.0,6.3
2015-08-23 04:36:04+00:00,832.0,48.0,90.0,0,2015-08-27 20:00:00+00:00,111.39888888888889,-103.0,6.3
2015-09-16 09:48:35+00:00,1010.0,21.0,104.0,0,2015-09-20 15:00:00+00:00,101.19027777777778,-81.0,7.0
2015-09-18 05:00:06+00:00,823.0,131.0,201.0,0,2015-09-20 15:00:00+00:00,57.998333333333335,-81.0,7.0
2015-09-20 18:12:04+00:00,1239.0,360.0,180.0,1,2015-09-23 17:00:00+00:00,70.79888888888888,-42.0,3.7
2015-09-28 03:24:05+00:00,801.0,12.0,253.0,0,2015-10-01 20:00:00+00:00,88.59861111111111,-48.0,3.7
2015-10-01 07:12:04+00:00,914.0,106.0,244.0,0,2015-10-04 09:00:00+00:00,73.79888888888888,-63.0,5.0
2015-10-01 12:24:04+00:00,865.0,25.0,290.0,0,2015-10-04 09:00:00+00:00,68.5988888888889,-63.0,5.0
2015-10-07 07:36:04+00:00,900.0,145.0,259.0,0,2015-10-08 17:00:00+00:00,33.39888888888889,-68.0,5.7
2015-11-02 20:24:04+00:00,867.0,360.0,180.0,1,2015-11-07 06:00:00+00:00,105.5988888888889,-87.0,6.0
2015-11-04 14:48:04+00:00,578.0,360.0,180.0,1,2015-11-07 06:00:00+00:00,63.19888888888889,-87.0,6.0
2015-11-09 13:25:50+00:00,1041.0,273.0,142.0,0,2015-11-10 14:00:00+00:00,24.569444444444443,-53.0,5.3
2015-11-16 03:12:07+00:00,853.0,166.0,209.0,0,2015-11-19 12:00:00+00:00,80.79805555555555,-35.0,5.0
2015-11-29 07:48:04+00:00,451.0,360.0,180.0,1,2015-11-30 11:00:00+00:00,27.198888888888888,-42.0,5.0
2015-12-02 03:24:04+00:00,256.0,360.0,180.0,1,2015-12-06 13:00:00+00:00,105.5988888888889,-39.0,4.3
2015-12-16 09:36:04+00:00,579.0,360.0,180.0,1,2015-12-20 22:00:00+00:00,108.39888888888889,-166.0,6.7
2015-12-16 14:24:04+00:00,454.0,360.0,180.0,1,2015-12-20 22:00:00+00:00,103.5988888888889,-166.0,6.7
2015-12-28 12:12:05+00:00,1212.0,360.0,180.0,1,2016-01-01 00:00:00+00:00,83.79861111111111,-116.0,6.0
2016-01-01 23:24:04+00:00,1730.0,360.0,180.0,1,2016-01-06 11:00:00+00:00,107.5988888888889,-31.0,4.7
2016-01-22 07:48:04+00:00,938.0,25.0,10.0,0,2016-01-23 20:00:00+00:00,36.19888888888889,-31.0,4.0
2016-01-29 21:17:33+00:00,901.0,118.0,261.0,0,2016-02-03 02:00:00+00:00,100.7075,-57.0,4.7
2016-02-11 21:17:32+00:00,719.0,360.0,180.0,1,2016-02-16 19:00:00+00:00,117.70777777777778,-65.0,5.3
2016-05-09 01:12:04+00:00,861.0,22.0,254.0,0,2016-05-10 07:00:00+00:00,29.79888888888889,-49.0,3.7
2016-07-23 05:24:05+00:00,835.0,117.0,283.0,0,2016-07-25 12:00:00+00:00,54.59861111111111,-38.0,4.7
2016-10-01 14:12:05+00:00,818.0,76.0,88.0,0,2016-10-04 09:00:00+00:00,66.79861111111111,-50.0,5.0
2016-10-09 02:24:05+00:00,179.0,360.0,180.0,1,2016-10-13 17:00:00+00:00,110.59861111111111,-110.0,6.3
2017-04-10 23:12:12+00:00,304.0,360.0,180.0,1,2017-04-14 17:00:00+00:00,89.79666666666667,-31.0,3.3
2017-04-18 19:48:05+00:00,926.0,360.0,180.0,1,2017-04-22 08:00:00+00:00,84.1986111111111,-64.0,5.7
2017-04-23 06:00:05+00:00,955.0,77.0,85.0,0,2017-04-24 08:00:00+00:00,25.99861111111111,-51.0,3.7
2017-04-24 02:48:05+00:00,854.0,102.0,55.0,0,2017-04-25 03:00:00+00:00,24.198611111111113,-46.0,3.0
2017-07-14 01:25:41+00:00,1200.0,360.0,180.0,1,2017-07-16 13:00:00+00:00,59.57194444444445,-71.0,6.0
2017-09-04 20:36:05+00:00,1418.0,360.0,180.0,1,2017-09-08 01:00:00+00:00,76.39861111111111,-148.0,8.3
2017-09-06 12:24:05+00:00,1571.0,360.0,180.0,1,2017-09-08 01:00:00+00:00,36.59861111111111,-148.0,8.3
2017-09-09 23:12:10+00:00,1019.0,138.0,277.0,0,2017-09-13 05:00:00+00:00,77.79722222222222,-56.0,5.3
2017-09-10 16:00:05+00:00,3163.0,360.0,180.0,1,2017-09-13 05:00:00+00:00,60.99861111111111,-56.0,5.7
2017-09-17 12:00:06+00:00,1385.0,360.0,180.0,1,2017-09-19 22:00:00+00:00,57.998333333333335,-43.0,3.3
2017-10-18 05:48:05+00:00,1576.0,360.0,180.0,1,2017-10-19 19:00:00+00:00,37.19861111111111,-36.0,3.7
2017-10-18 08:00:05+00:00,1001.0,146.0,85.0,0,2017-10-19 19:00:00+00:00,34.99861111111111,-36.0,3.7
2018-05-01 13:25:40+00:00,860.0,3.0,183.0,0,2018-05-06 04:00:00+00:00,110.57222222222222,-55.0,5.7
2019-04-30 14:48:05+00:00,665.0,360.0,180.0,1,2019-05-02 04:00:00+00:00,37.19861111111111,-34.0,4.0
2020-07-31 06:12:11+00:00,806.0,10.0,16.0,0,2020-08-03 09:00:00+00:00,74.79694444444445,-30.0,3.3
2021-06-28 19:48:05+00:00,951.0,162.0,301.0,0,2021-06-30 21:00:00+00:00,49.19861111111111,-30.0,4.0
2021-07-10 17:48:05+00:00,348.0,360.0,180.0,1,2021-07-15 00:00:00+00:00,102.1986111111111,-34.0,4.3
2021-07-13 19:00:05+00:00,1101.0,360.0,180.0,1,2021-07-15 00:00:00+00:00,28.99861111111111,-34.0,4.0
2021-07-17 10:24:05+00:00,898.0,10.0,18.0,0,2021-07-22 10:00:00+00:00,119.59861111111111,-30.0,3.3
2021-07-20 16:36:05+00:00,873.0,107.0,72.0,0,2021-07-22 12:00:00+00:00,43.39861111111111,-41.0,3.3
2021-08-23 06:48:05+00:00,440.0,360.0,180.0,1,2021-08-27 23:00:00+00:00,112.1986111111111,-82.0,5.0
2021-08-26 18:48:06+00:00,644.0,360.0,180.0,1,2021-08-27 23:00:00+00:00,28.198333333333334,-82.0,5.0
2021-09-17 04:28:22+00:00,1349.0,264.0,173.0,0,2021-09-18 09:00:00+00:00,28.52722222222222,-30.0,3.7
2021-09-18 03:12:11+00:00,535.0,360.0,180.0,1,2021-09-22 08:00:00+00:00,100.79694444444445,-30.0,4.0
2021-10-02 14:00:05+00:00,964.0,80.0,257.0,0,2021-10-06 17:00:00+00:00,98.99861111111112,-32.0,3.0
2021-10-09 07:12:05+00:00,712.0,360.0,180.0,1,2021-10-12 14:00:00+00:00,78.79861111111111,-65.0,6.3
2021-10-13 23:12:05+00:00,947.0,8.0,147.0,0,2021-10-17 23:00:00+00:00,95.79861111111111,-55.0,4.0
2021-10-28 15:48:05+00:00,1519.0,360.0,180.0,1,2021-10-31 14:00:00+00:00,70.1986111111111,-36.0,4.7
2021-10-29 19:00:05+00:00,1005.0,55.0,234.0,0,2021-10-31 14:00:00+00:00,42.99861111111111,-36.0,4.7
2021-11-01 21:24:05+00:00,830.0,162.0,236.0,0,2021-11-04 13:00:00+00:00,63.59861111111111,-105.0,7.7
2021-11-02 02:48:05+00:00,1473.0,360.0,180.0,1,2021-11-04 13:00:00+00:00,58.19861111111111,-105.0,7.7
2021-11-03 21:36:05+00:00,510.0,360.0,180.0,1,2021-11-05 00:00:00+00:00,26.398611111111112,-40.0,4.0
2021-11-04 04:12:05+00:00,876.0,72.0,100.0,0,2021-11-05 15:00:00+00:00,34.798611111111114,-38.0,4.0
2021-12-17 20:36:05+00:00,218.0,360.0,180.0,1,2021-12-19 22:00:00+00:00,49.39861111111111,-36.0,5.0
2022-01-09 23:12:06+00:00,1283.0,360.0,180.0,1,2022-01-14 22:00:00+00:00,118.79833333333333,-91.0,5.7
2022-01-10 23:33:47+00:00,1236.0,273.0,153.0,0,2022-01-14 22:00:00+00:00,94.43694444444445,-91.0,5.7
2022-01-12 04:36:05+00:00,1586.0,360.0,180.0,1,2022-01-14 22:00:00+00:00,65.39861111111111,-91.0,5.7
2022-01-13 08:24:05+00:00,914.0,161.0,98.0,0,2022-01-14 22:00:00+00:00,37.59861111111111,-91.0,5.7
2022-01-13 21:30:05+00:00,1339.0,66.0,96.0,0,2022-01-14 22:00:00+00:00,24.49861111111111,-91.0,5.7
2022-01-14 13:36:28+00:00,1341.0,360.0,180.0,1,2022-01-16 01:00:00+00:00,35.39222222222222,-50.0,5.3
2022-01-21 08:48:22+00:00,943.0,144.0,100.0,0,2022-01-25 17:00:00+00:00,104.19388888888889,-35.0,3.3
2022-01-29 23:36:06+00:00,530.0,360.0,180.0,1,2022-02-03 10:00:00+00:00,106.39833333333333,-66.0,5.3
2022-02-06 14:00:07+00:00,334.0,360.0,180.0,1,2022-02-10 19:00:00+00:00,100.99805555555555,-60.0,5.0
2022-02-11 00:48:06+00:00,448.0,360.0,180.0,1,2022-02-12 02:00:00+00:00,25.198333333333334,-36.0,3.7
2022-03-10 18:48:05+00:00,742.0,360.0,180.0,1,2022-03-13 23:00:00+00:00,76.1986111111111,-85.0,6.3
2022-03-23 08:48:07+00:00,953.0,13.0,120.0,0,2022-03-27 18:00:00+00:00,105.19805555555556,-30.0,4.0
2022-03-25 05:48:05+00:00,495.0,360.0,180.0,1,2022-03-27 18:00:00+00:00,60.19861111111111,-30.0,4.0
2022-03-28 12:00:05+00:00,702.0,360.0,180.0,1,2022-04-02 06:00:00+00:00,113.99861111111112,-46.0,4.7
2022-03-28 20:24:05+00:00,905.0,360.0,180.0,1,2022-04-02 06:00:00+00:00,105.59861111111111,-46.0,4.7
2022-03-30 06:24:06+00:00,764.0,360.0,180.0,1,2022-04-02 06:00:00+00:00,71.59833333333333,-46.0,4.7
2022-03-30 18:00:05+00:00,641.0,360.0,180.0,1,2022-04-02 06:00:00+00:00,59.99861111111111,-46.0,4.7
2022-03-31 19:12:05+00:00,489.0,360.0,180.0,1,2022-04-02 06:00:00+00:00,34.798611111111114,-46.0,4.7
2022-04-05 02:12:05+00:00,977.0,15.0,246.0,0,2022-04-09 08:00:00+00:00,101.79861111111111,-30.0,3.7
2022-04-06 09:12:08+00:00,898.0,15.0,234.0,0,2022-04-10 07:00:00+00:00,93.79777777777778,-48.0,6.7
2022-04-11 05:48:05+00:00,940.0,360.0,180.0,1,2022-04-14 21:00:00+00:00,87.1986111111111,-81.0,6.0
2022-04-13 13:25:46+00:00,1032.0,360.0,180.0,1,2022-04-14 21:00:00+00:00,31.570555555555554,-81.0,6.0
2022-04-27 08:48:05+00:00,941.0,106.0,322.0,0,2022-04-30 07:00:00+00:00,70.1986111111111,-37.0,4.3
2022-04-27 15:05:48+00:00,807.0,127.0,303.0,0,2022-04-30 07:00:00+00:00,63.903333333333336,-37.0,4.3
2022-04-28 03:12:09+00:00,919.0,124.0,329.0,0,2022-04-30 07:00:00+00:00,51.7975,-37.0,4.3
2022-04-29 07:36:05+00:00,1292.0,245.0,285.0,0,2022-04-30 08:00:00+00:00,24.398611111111112,-35.0,3.0
2022-05-11 18:36:05+00:00,1100.0,194.0,251.0,0,2022-05-13 21:00:00+00:00,50.39861111111111,-39.0,3.3
2022-05-12 02:48:05+00:00,841.0,30.0,77.0,0,2022-05-13 21:00:00+00:00,42.19861111111111,-39.0,3.3
2022-05-25 11:48:07+00:00,932.0,157.0,114.0,0,2022-05-28 07:00:00+00:00,67.19805555555556,-63.0,5.0
2022-05-25 18:36:05+00:00,1134.0,360.0,180.0,1,2022-05-28 07:00:00+00:00,60.39861111111111,-63.0,5.0
2022-05-30 02:48:34+00:00,858.0,81.0,289.0,0,2022-05-31 05:00:00+00:00,26.190555555555555,-30.0,2.7
2022-06-13 03:12:11+00:00,1150.0,360.0,180.0,1,2022-06-15 15:00:00+00:00,59.79694444444444,-31.0,4.3
2022-06-14 01:25:48+00:00,662.0,360.0,180.0,1,2022-06-15 15:00:00+00:00,37.57,-31.0,4.3
2022-06-26 02:48:05+00:00,811.0,19.0,205.0,0,2022-06-27 05:00:00+00:00,26.198611111111113,-35.0,4.0
2022-06-26 03:36:05+00:00,980.0,360.0,180.0,1,2022-06-27 05:00:00+00:00,25.398611111111112,-35.0,4.0
2022-06-28 04:12:05+00:00,1260.0,17.0,263.0,0,2022-07-02 10:00:00+00:00,101.79861111111111,-54.0,4.7
2022-06-28 09:12:09+00:00,1127.0,15.0,259.0,0,2022-07-02 10:00:00+00:00,96.7975,-54.0,4.7
2022-06-28 18:36:05+00:00,1562.0,18.0,273.0,0,2022-07-02 10:00:00+00:00,87.39861111111111,-54.0,4.7
2022-06-28 23:06:13+00:00,940.0,20.0,271.0,0,2022-07-02 10:00:00+00:00,82.8963888888889,-54.0,4.7
2022-06-29 22:36:05+00:00,1070.0,25.0,294.0,0,2022-07-02 10:00:00+00:00,59.39861111111111,-54.0,4.7
2022-08-05 22:12:05+00:00,974.0,16.0,211.0,0,2022-08-08 07:00:00+00:00,56.798611111111114,-59.0,5.7
2022-08-06 01:36:19+00:00,1133.0,175.0,134.0,0,2022-08-08 07:00:00+00:00,53.39472222222222,-59.0,5.7
2022-08-17 05:12:05+00:00,1015.0,64.0,251.0,0,2022-08-18 14:00:00+00:00,32.798611111111114,-49.0,5.0
2022-08-17 14:36:34+00:00,901.0,360.0,180.0,1,2022-08-18 15:00:00+00:00,24.390555555555554,-48.0,5.0
2022-08-18 11:00:05+00:00,1327.0,360.0,180.0,1,2022-08-20 00:00:00+00:00,36.99861111111111,-38.0,5.0
2022-08-18 12:48:05+00:00,813.0,92.0,293.0,0,2022-08-20 00:00:00+00:00,35.19861111111111,-38.0,5.0
2022-08-19 04:49:30+00:00,832.0,360.0,180.0,1,2022-08-20 05:00:00+00:00,24.175,-38.0,4.3
2022-08-25 02:48:05+00:00,146.0,360.0,180.0,1,2022-08-27 14:00:00+00:00,59.19861111111111,-34.0,3.7
2022-08-29 15:24:06+00:00,808.0,9.0,222.0,0,2022-09-03 15:00:00+00:00,119.59833333333333,-34.0,5.0
2022-08-29 16:12:06+00:00,1078.0,21.0,226.0,0,2022-09-03 15:00:00+00:00,118.79833333333333,-34.0,5.0
2022-08-29 17:00:05+00:00,1112.0,193.0,270.0,0,2022-09-03 15:00:00+00:00,117.99861111111112,-34.0,5.0
2022-08-29 19:24:05+00:00,1088.0,20.0,225.0,0,2022-09-03 15:00:00+00:00,115.59861111111111,-34.0,5.0
2022-08-29 20:00:05+00:00,987.0,23.0,225.0,0,2022-09-03 15:00:00+00:00,114.99861111111112,-34.0,5.0
2022-08-29 21:12:09+00:00,1085.0,27.0,220.0,0,2022-09-03 15:00:00+00:00,113.7975,-34.0,5.0
2022-08-30 00:36:05+00:00,871.0,11.0,225.0,0,2022-09-03 15:00:00+00:00,110.39861111111111,-34.0,5.0
2022-08-30 03:24:05+00:00,860.0,14.0,229.0,0,2022-09-03 15:00:00+00:00,107.59861111111111,-34.0,5.7
2022-08-30 06:12:05+00:00,950.0,23.0,228.0,0,2022-09-04 06:00:00+00:00,119.79861111111111,-45.0,6.0
2022-08-30 11:12:06+00:00,984.0,12.0,219.0,0,2022-09-04 10:00:00+00:00,118.79833333333333,-68.0,6.3
2022-08-30 11:48:05+00:00,861.0,21.0,200.0,0,2022-09-04 10:00:00+00:00,118.1986111111111,-68.0,6.3
2022-08-30 18:12:05+00:00,1247.0,360.0,180.0,1,2022-09-04 17:00:00+00:00,118.79861111111111,-71.0,6.3
2022-08-31 08:36:05+00:00,907.0,15.0,205.0,0,2022-09-04 17:00:00+00:00,104.39861111111111,-71.0,6.3
2022-09-05 16:36:10+00:00,2776.0,360.0,180.0,1,2022-09-07 18:00:00+00:00,49.397222222222226,-50.0,4.3
2022-09-30 23:36:05+00:00,987.0,51.0,262.0,0,2022-10-03 00:00:00+00:00,48.39861111111111,-40.0,5.7
2022-10-01 03:12:11+00:00,850.0,48.0,301.0,0,2022-10-03 00:00:00+00:00,44.79694444444444,-40.0,5.7
2022-10-01 13:25:26+00:00,775.0,360.0,180.0,1,2022-10-03 00:00:00+00:00,34.57611111111111,-40.0,5.7
2022-10-01 20:24:05+00:00,1122.0,69.0,275.0,0,2022-10-03 00:00:00+00:00,27.59861111111111,-40.0,5.7
2022-10-02 02:36:05+00:00,1222.0,153.0,283.0,0,2022-10-03 03:00:00+00:00,24.398611111111112,-39.0,5.7
2022-10-02 20:36:05+00:00,1086.0,360.0,180.0,1,2022-10-04 08:00:00+00:00,35.39861111111111,-32.0,4.3
2022-10-04 13:25:28+00:00,1089.0,67.0,309.0,0,2022-10-09 13:00:00+00:00,119.57555555555555,-32.0,4.0
2022-10-04 14:12:05+00:00,926.0,360.0,180.0,1,2022-10-09 14:00:00+00:00,119.79861111111111,-33.0,4.0
2022-10-05 21:12:09+00:00,842.0,19.0,304.0,0,2022-10-09 14:00:00+00:00,88.7975,-33.0,4.3
2022-10-10 10:24:05+00:00,989.0,18.0,273.0,0,2022-10-14 10:00:00+00:00,95.59861111111111,-62.0,4.7
2022-10-10 16:24:05+00:00,1213.0,9.0,275.0,0,2022-10-14 10:00:00+00:00,89.59861111111111,-62.0,4.7
2022-10-10 22:24:05+00:00,1067.0,21.0,272.0,0,2022-10-14 10:00:00+00:00,83.59861111111111,-62.0,4.7
2022-10-11 08:36:05+00:00,1074.0,10.0,276.0,0,2022-10-14 10:00:00+00:00,73.39861111111111,-62.0,4.7
2022-10-13 07:36:05+00:00,390.0,360.0,180.0,1,2022-10-14 10:00:00+00:00,26.398611111111112,-62.0,4.7
2022-11-01 15:12:10+00:00,804.0,98.0,280.0,0,2022-11-03 18:00:00+00:00,50.797222222222224,-59.0,5.0
2022-11-29 12:12:05+00:00,852.0,53.0,177.0,0,2022-11-30 19:00:00+00:00,30.79861111111111,-46.0,5.3
2022-11-30 17:24:05+00:00,1162.0,5.0,287.0,0,2022-12-04 18:00:00+00:00,96.59861111111111,-44.0,4.3
2022-12-01 00:00:05+00:00,695.0,360.0,180.0,1,2022-12-04 18:00:00+00:00,89.99861111111112,-44.0,4.3
2022-12-01 07:48:05+00:00,813.0,115.0,343.0,0,2022-12-04 18:00:00+00:00,82.1986111111111,-44.0,4.3
2022-12-14 23:12:11+00:00,1116.0,121.0,55.0,0,2022-12-19 09:00:00+00:00,105.79694444444445,-38.0,3.7
2022-12-15 13:25:53+00:00,822.0,114.0,60.0,0,2022-12-19 09:00:00+00:00,91.56861111111111,-38.0,3.7
2022-12-15 16:12:05+00:00,1072.0,141.0,71.0,0,2022-12-19 09:00:00+00:00,88.79861111111111,-38.0,3.7
2022-12-16 04:17:41+00:00,1053.0,107.0,51.0,0,2022-12-19 09:00:00+00:00,76.70527777777778,-38.0,3.7
2022-12-16 05:12:05+00:00,1220.0,138.0,93.0,0,2022-12-19 09:00:00+00:00,75.79861111111111,-38.0,3.7
2022-12-16 13:25:51+00:00,949.0,19.0,35.0,0,2022-12-19 09:00:00+00:00,67.56916666666666,-38.0,3.7
2022-12-16 17:48:05+00:00,882.0,31.0,59.0,0,2022-12-19 09:00:00+00:00,63.19861111111111,-38.0,3.7
2022-12-17 05:48:05+00:00,1019.0,66.0,117.0,0,2022-12-19 09:00:00+00:00,51.19861111111111,-38.0,3.7
2022-12-17 20:00:05+00:00,1215.0,62.0,117.0,0,2022-12-19 09:00:00+00:00,36.99861111111111,-38.0,3.7
2022-12-18 03:12:09+00:00,954.0,15.0,51.0,0,2022-12-19 09:00:00+00:00,29.7975,-38.0,3.7
2022-12-18 06:48:05+00:00,560.0,360.0,180.0,1,2022-12-19 09:00:00+00:00,26.198611111111113,-38.0,3.7
2022-12-20 08:48:05+00:00,1112.0,122.0,301.0,0,2022-12-24 07:00:00+00:00,94.1986111111111,-40.0,4.7
2022-12-24 02:48:05+00:00,984.0,132.0,28.0,0,2022-12-27 15:00:00+00:00,84.1986111111111,-68.0,5.7
2022-12-25 21:36:05+00:00,846.0,158.0,161.0,0,2022-12-27 15:00:00+00:00,41.39861111111111,-68.0,4.7
2022-12-26 12:48:05+00:00,976.0,46.0,314.0,0,2022-12-27 15:00:00+00:00,26.198611111111113,-68.0,4.7
2022-12-30 23:42:05+00:00,833.0,181.0,172.0,0,2023-01-04 09:00:00+00:00,105.29861111111111,-61.0,4.7
2023-01-03 06:36:05+00:00,1129.0,360.0,180.0,1,2023-01-04 09:00:00+00:00,26.398611111111112,-61.0,4.3
2023-01-09 19:12:05+00:00,873.0,36.0,62.0,0,2023-01-14 00:00:00+00:00,100.79861111111111,-39.0,4.0
2023-01-10 00:24:05+00:00,972.0,41.0,64.0,0,2023-01-15 00:00:00+00:00,119.59861111111111,-46.0,4.7
2023-01-10 15:48:05+00:00,1151.0,34.0,71.0,0,2023-01-15 13:00:00+00:00,117.1986111111111,-57.0,4.7
2023-01-10 23:12:10+00:00,807.0,21.0,81.0,0,2023-01-15 13:00:00+00:00,109.79722222222222,-57.0,5.0
2023-01-11 01:25:53+00:00,1083.0,89.0,56.0,0,2023-01-15 13:00:00+00:00,107.56861111111111,-57.0,5.0
2023-01-11 08:36:05+00:00,1047.0,144.0,27.0,0,2023-01-15 13:00:00+00:00,100.39861111111111,-57.0,5.0
2023-01-12 22:00:05+00:00,1075.0,198.0,240.0,0,2023-01-15 13:00:00+00:00,62.99861111111111,-57.0,5.0
2023-01-15 03:48:05+00:00,853.0,127.0,116.0,0,2023-01-18 02:00:00+00:00,70.1986111111111,-31.0,4.0
2023-02-03 00:48:05+00:00,1147.0,215.0,86.0,0,2023-02-07 15:00:00+00:00,110.1986111111111,-30.0,4.0
2023-02-04 13:48:05+00:00,1108.0,12.0,43.0,0,2023-02-07 15:00:00+00:00,73.1986111111111,-30.0,4.0
2023-02-05 05:48:05+00:00,931.0,29.0,44.0,0,2023-02-10 02:00:00+00:00,116.1986111111111,-47.0,4.3
2023-02-07 03:12:10+00:00,976.0,69.0,14.0,0,2023-02-10 02:00:00+00:00,70.79722222222222,-47.0,4.3
2023-02-11 04:12:06+00:00,820.0,54.0,226.0,0,2023-02-15 17:00:00+00:00,108.79833333333333,-72.0,5.3
2023-02-11 11:12:05+00:00,1498.0,360.0,180.0,1,2023-02-15 17:00:00+00:00,101.79861111111111,-72.0,5.3
2023-02-16 10:48:05+00:00,1549.0,149.0,282.0,0,2023-02-21 10:00:00+00:00,119.1986111111111,-47.0,4.0
2023-02-17 20:12:06+00:00,1315.0,360.0,180.0,1,2023-02-21 11:00:00+00:00,86.79833333333333,-50.0,4.0
2023-02-18 02:36:05+00:00,562.0,360.0,180.0,1,2023-02-21 11:00:00+00:00,80.39861111111111,-50.0,4.3
2023-02-21 08:48:05+00:00,935.0,360.0,180.0,1,2023-02-25 21:00:00+00:00,108.1986111111111,-35.0,4.3
2023-02-24 13:25:53+00:00,922.0,360.0,180.0,1,2023-02-27 12:00:00+00:00,70.56861111111111,-132.0,6.7
2023-02-24 20:36:05+00:00,1336.0,360.0,180.0,1,2023-02-27 12:00:00+00:00,63.39861111111111,-132.0,6.7
2023-02-25 04:36:05+00:00,852.0,83.0,269.0,0,2023-02-27 12:00:00+00:00,55.39861111111111,-132.0,6.7
2023-02-25 19:24:05+00:00,1170.0,360.0,180.0,1,2023-02-27 12:00:00+00:00,40.59861111111111,-132.0,6.7
2023-03-04 15:36:06+00:00,933.0,360.0,180.0,1,2023-03-09 09:00:00+00:00,113.39833333333333,-36.0,4.3
2023-03-06 03:12:10+00:00,873.0,360.0,180.0,1,2023-03-09 09:00:00+00:00,77.79722222222222,-36.0,4.0
2023-03-07 20:36:05+00:00,807.0,160.0,309.0,0,2023-03-09 09:00:00+00:00,36.39861111111111,-36.0,4.0
2023-03-11 16:36:06+00:00,684.0,360.0,180.0,1,2023-03-15 22:00:00+00:00,101.39833333333333,-39.0,5.7
2023-03-12 19:12:06+00:00,649.0,360.0,180.0,1,2023-03-15 22:00:00+00:00,74.79833333333333,-39.0,5.7
2023-03-13 03:36:05+00:00,1699.0,360.0,180.0,1,2023-03-15 22:00:00+00:00,66.39861111111111,-39.0,5.7
2023-03-13 10:36:05+00:00,1015.0,123.0,329.0,0,2023-03-15 22:00:00+00:00,59.39861111111111,-39.0,5.7
2023-03-19 15:10:05+00:00,1132.0,21.0,118.0,0,2023-03-24 02:00:00+00:00,106.83194444444445,-163.0,8.0
2023-03-20 14:00:05+00:00,851.0,360.0,180.0,1,2023-03-24 02:00:00+00:00,83.99861111111112,-163.0,8.0
2023-03-20 14:42:05+00:00,727.0,360.0,180.0,1,2023-03-24 02:00:00+00:00,83.29861111111111,-163.0,8.0
2023-03-24 17:48:05+00:00,1025.0,17.0,113.0,0,2023-03-25 23:00:00+00:00,29.198611111111113,-33.0,2.7
2023-03-29 05:36:05+00:00,1538.0,11.0,230.0,0,2023-04-02 00:00:00+00:00,90.39861111111111,-44.0,5.0
2023-03-29 14:00:06+00:00,1008.0,15.0,217.0,0,2023-04-02 00:00:00+00:00,81.99833333333333,-44.0,5.0
2023-04-01 03:12:10+00:00,1006.0,169.0,257.0,0,2023-04-02 06:00:00+00:00,26.79722222222222,-39.0,3.7
2023-04-01 04:36:05+00:00,1025.0,70.0,162.0,0,2023-04-02 06:00:00+00:00,25.398611111111112,-39.0,3.7
2023-04-01 12:24:05+00:00,672.0,360.0,180.0,1,2023-04-03 19:00:00+00:00,54.59861111111111,-35.0,3.7
2023-04-02 18:12:05+00:00,1083.0,16.0,218.0,0,2023-04-03 19:00:00+00:00,24.79861111111111,-35.0,3.7
2023-04-15 17:12:05+00:00,1028.0,40.0,189.0,0,2023-04-19 14:00:00+00:00,92.79861111111111,-36.0,4.7
2023-04-21 06:12:11+00:00,859.0,49.0,258.0,0,2023-04-24 05:00:00+00:00,70.79694444444445,-213.0,8.3
2023-04-21 18:12:06+00:00,1284.0,360.0,180.0,1,2023-04-24 05:00:00+00:00,58.79833333333333,-213.0,8.3
2023-04-27 02:36:05+00:00,817.0,245.0,80.0,0,2023-04-28 06:00:00+00:00,27.398611111111112,-52.0,4.0
2023-04-30 20:24:05+00:00,924.0,157.0,69.0,0,2023-05-02 01:00:00+00:00,28.59861111111111,-35.0,3.3
2023-05-02 05:00:05+00:00,1332.0,360.0,180.0,1,2023-05-06 05:00:00+00:00,95.99861111111112,-67.0,6.0
2023-05-02 15:48:05+00:00,858.0,25.0,229.0,0,2023-05-06 05:00:00+00:00,85.1986111111111,-67.0,6.0
2023-05-04 08:48:06+00:00,810.0,360.0,180.0,1,2023-05-06 05:00:00+00:00,44.19833333333333,-67.0,6.0
2023-05-05 08:00:05+00:00,770.0,360.0,180.0,1,2023-05-06 09:00:00+00:00,24.99861111111111,-61.0,5.3
2023-05-16 17:36:05+00:00,1099.0,360.0,180.0,1,2023-05-20 11:00:00+00:00,89.39861111111111,-57.0,5.7
2023-05-20 03:12:11+00:00,867.0,39.0,280.0,0,2023-05-22 02:00:00+00:00,46.79694444444444,-40.0,5.7
2023-05-24 00:12:05+00:00,897.0,20.0,110.0,0,2023-05-28 13:00:00+00:00,108.79861111111111,-32.0,3.0
2023-05-25 21:48:06+00:00,990.0,360.0,180.0,1,2023-05-28 13:00:00+00:00,63.19833333333333,-32.0,3.0
2023-05-26 03:12:10+00:00,1676.0,176.0,259.0,0,2023-05-28 13:00:00+00:00,57.797222222222224,-32.0,3.0
2023-06-13 19:24:05+00:00,807.0,35.0,281.0,0,2023-06-16 09:00:00+00:00,61.59861111111111,-72.0,6.0
2023-06-16 05:48:06+00:00,892.0,86.0,48.0,0,2023-06-18 18:00:00+00:00,60.19833333333333,-50.0,3.3
2023-06-16 11:00:06+00:00,904.0,60.0,89.0,0,2023-06-18 18:00:00+00:00,54.998333333333335,-50.0,3.3
2023-06-18 14:00:05+00:00,832.0,84.0,147.0,0,2023-06-22 19:00:00+00:00,100.99861111111112,-39.0,3.3
2023-06-20 17:12:05+00:00,1113.0,360.0,180.0,1,2023-06-25 01:00:00+00:00,103.79861111111111,-57.0,5.0
2023-06-21 09:36:07+00:00,949.0,156.0,49.0,0,2023-06-25 01:00:00+00:00,87.39805555555556,-57.0,5.0
2023-06-23 04:24:05+00:00,1925.0,103.0,147.0,0,2023-06-25 01:00:00+00:00,44.59861111111111,-57.0,5.0
2023-06-26 12:12:05+00:00,825.0,111.0,39.0,0,2023-06-29 19:00:00+00:00,78.79861111111111,-44.0,3.7
2023-06-26 19:56:30+00:00,878.0,98.0,98.0,0,2023-06-29 19:00:00+00:00,71.05833333333334,-44.0,3.7
2023-06-27 07:12:05+00:00,854.0,64.0,275.0,0,2023-06-29 19:00:00+00:00,59.798611111111114,-44.0,3.7
2023-07-10 04:00:06+00:00,1160.0,360.0,180.0,1,2023-07-14 06:00:00+00:00,97.99833333333333,-43.0,4.7
2023-07-10 12:00:05+00:00,945.0,360.0,180.0,1,2023-07-14 06:00:00+00:00,89.99861111111112,-43.0,4.7
2023-07-11 16:36:05+00:00,502.0,360.0,180.0,1,2023-07-14 06:00:00+00:00,61.39861111111111,-43.0,4.7
2023-07-11 19:24:05+00:00,826.0,360.0,180.0,1,2023-07-14 06:00:00+00:00,58.59861111111111,-43.0,4.7
2023-07-13 07:12:05+00:00,663.0,360.0,180.0,1,2023-07-16 23:00:00+00:00,87.79861111111111,-53.0,4.7
2023-07-13 15:36:05+00:00,372.0,360.0,180.0,1,2023-07-16 23:00:00+00:00,79.39861111111111,-53.0,4.7
2023-07-14 19:03:05+00:00,862.0,216.0,201.0,0,2023-07-16 23:00:00+00:00,51.94861111111111,-53.0,4.7
2023-07-15 00:23:05+00:00,1059.0,88.0,247.0,0,2023-07-16 23:00:00+00:00,46.61527777777778,-53.0,4.7
2023-07-15 07:37:06+00:00,836.0,167.0,222.0,0,2023-07-16 23:00:00+00:00,39.38166666666667,-53.0,4.7
2023-07-15 08:33:05+00:00,983.0,62.0,247.0,0,2023-07-16 23:00:00+00:00,38.44861111111111,-53.0,4.7
2023-07-15 10:32:05+00:00,887.0,81.0,85.0,0,2023-07-16 23:00:00+00:00,36.46527777777778,-53.0,4.7
2023-07-15 16:43:05+00:00,992.0,200.0,274.0,0,2023-07-16 23:00:00+00:00,30.281944444444445,-53.0,4.7
2023-07-15 20:06:05+00:00,1815.0,360.0,180.0,1,2023-07-16 23:00:00+00:00,26.898611111111112,-53.0,4.7
2023-07-16 04:42:05+00:00,1970.0,360.0,180.0,1,2023-07-17 11:00:00+00:00,30.29861111111111,-48.0,4.7
2023-07-16 13:41:05+00:00,1829.0,360.0,180.0,1,2023-07-17 15:00:00+00:00,25.315277777777776,-48.0,4.7
2023-07-16 17:53:05+00:00,1239.0,182.0,217.0,0,2023-07-17 22:00:00+00:00,28.115277777777777,-48.0,4.7
2023-07-17 00:16:05+00:00,890.0,39.0,266.0,0,2023-07-18 04:00:00+00:00,27.731944444444444,-34.0,4.3
2023-07-17 01:33:05+00:00,,360.0,180.0,1,2023-07-18 04:00:00+00:00,26.448611111111113,-34.0,4.3
2023-07-17 07:16:06+00:00,1106.0,360.0,180.0,1,2023-07-22 00:00:00+00:00,112.73166666666667,-34.0,4.3
2023-07-17 15:05:05+00:00,983.0,39.0,232.0,0,2023-07-22 00:00:00+00:00,104.91527777777777,-34.0,4.3
2023-07-17 22:54:05+00:00,2075.0,131.0,231.0,0,2023-07-22 00:00:00+00:00,97.09861111111111,-34.0,4.3
2023-07-17 23:36:05+00:00,1385.0,360.0,180.0,1,2023-07-22 00:00:00+00:00,96.39861111111111,-34.0,4.3
2023-07-18 20:12:05+00:00,1272.0,360.0,180.0,1,2023-07-22 00:00:00+00:00,75.79861111111111,-34.0,4.3
2023-07-19 23:12:10+00:00,1167.0,159.0,324.0,0,2023-07-22 00:00:00+00:00,48.797222222222224,-34.0,4.3
2023-07-20 17:48:05+00:00,1110.0,360.0,180.0,1,2023-07-22 00:00:00+00:00,30.198611111111113,-34.0,4.3
2023-07-23 15:05:47+00:00,779.0,360.0,180.0,1,2023-07-26 08:00:00+00:00,64.9036111111111,-52.0,4.7
2023-07-24 07:24:05+00:00,1110.0,71.0,42.0,0,2023-07-26 08:00:00+00:00,48.59861111111111,-52.0,4.7
2023-07-24 18:06:05+00:00,1204.0,360.0,180.0,1,2023-07-26 08:00:00+00:00,37.89861111111111,-52.0,4.7
2023-07-28 16:00:05+00:00,1896.0,360.0,180.0,1,2023-08-02 14:00:00+00:00,117.99861111111112,-45.0,4.0
2023-07-28 22:24:06+00:00,511.0,360.0,180.0,1,2023-08-02 14:00:00+00:00,111.59833333333333,-45.0,4.0
2023-08-02 09:12:10+00:00,572.0,360.0,180.0,1,2023-08-05 06:00:00+00:00,68.79722222222222,-93.0,6.3
2023-08-04 04:17:41+00:00,1029.0,360.0,180.0,1,2023-08-05 06:00:00+00:00,25.705277777777777,-93.0,6.3
2023-08-05 07:00:05+00:00,1000.0,360.0,180.0,1,2023-08-07 04:00:00+00:00,44.99861111111111,-40.0,4.0
2023-08-05 22:12:05+00:00,1647.0,360.0,180.0,1,2023-08-07 04:00:00+00:00,29.79861111111111,-40.0,4.0
2023-08-06 18:48:05+00:00,1182.0,236.0,251.0,0,2023-08-08 01:00:00+00:00,30.198611111111113,-31.0,4.0
2023-09-01 03:24:05+00:00,1339.0,360.0,180.0,1,2023-09-02 15:00:00+00:00,35.59861111111111,-62.0,5.3
2023-09-02 07:12:05+00:00,1176.0,156.0,231.0,0,2023-09-03 15:00:00+00:00,31.79861111111111,-35.0,4.3
2023-09-07 17:48:06+00:00,349.0,360.0,180.0,1,2023-09-12 17:00:00+00:00,119.19833333333334,-55.0,5.3
2023-09-08 11:36:05+00:00,1001.0,360.0,180.0,1,2023-09-12 22:00:00+00:00,106.39861111111111,-82.0,5.3
2023-09-11 10:00:05+00:00,449.0,360.0,180.0,1,2023-09-12 22:00:00+00:00,35.99861111111111,-82.0,5.3
2023-09-11 22:36:05+00:00,1060.0,360.0,180.0,1,2023-09-12 23:00:00+00:00,24.398611111111112,-74.0,4.7
2023-09-14 07:24:05+00:00,804.0,360.0,180.0,1,2023-09-19 02:00:00+00:00,114.59861111111111,-85.0,6.3
2023-09-16 09:12:10+00:00,703.0,360.0,180.0,1,2023-09-19 02:00:00+00:00,64.79722222222222,-85.0,6.3
2023-09-22 02:24:05+00:00,983.0,109.0,49.0,0,2023-09-25 02:00:00+00:00,71.59861111111111,-69.0,5.7
2023-09-24 09:48:06+00:00,663.0,360.0,180.0,1,2023-09-26 12:00:00+00:00,50.19833333333333,-58.0,5.0
2023-09-24 18:24:05+00:00,331.0,360.0,180.0,1,2023-09-26 12:00:00+00:00,41.59861111111111,-58.0,5.0
2023-09-30 03:27:06+00:00,1053.0,12.0,273.0,0,2023-10-05 03:00:00+00:00,119.54833333333333,-48.0,5.0
2023-10-16 11:48:06+00:00,574.0,360.0,180.0,1,2023-10-21 07:00:00+00:00,115.19833333333334,-88.0,5.0
2023-10-19 06:48:05+00:00,966.0,19.0,73.0,0,2023-10-21 07:00:00+00:00,48.19861111111111,-88.0,5.0
2023-10-19 15:24:06+00:00,500.0,360.0,180.0,1,2023-10-21 07:00:00+00:00,39.598333333333336,-88.0,5.0
2023-10-26 23:14:06+00:00,1238.0,360.0,180.0,1,2023-10-28 11:00:00+00:00,35.765,-60.0,4.7
2023-10-30 00:24:05+00:00,507.0,360.0,180.0,1,2023-10-31 11:00:00+00:00,34.59861111111111,-31.0,2.7
2023-11-08 07:24:07+00:00,834.0,149.0,256.0,0,2023-11-13 02:00:00+00:00,114.59805555555556,-38.0,5.0
2023-11-09 11:48:05+00:00,573.0,360.0,180.0,1,2023-11-13 02:00:00+00:00,86.1986111111111,-38.0,5.0
2023-11-23 03:12:09+00:00,982.0,172.0,44.0,0,2023-11-25 19:00:00+00:00,63.7975,-90.0,6.3
2023-11-23 06:00:05+00:00,990.0,134.0,85.0,0,2023-11-25 19:00:00+00:00,60.99861111111111,-90.0,6.3
2023-11-27 23:36:05+00:00,934.0,360.0,180.0,1,2023-12-01 13:00:00+00:00,85.39861111111111,-108.0,6.7
2023-11-28 20:12:05+00:00,741.0,360.0,180.0,1,2023-12-01 13:00:00+00:00,64.79861111111111,-108.0,6.7
2023-12-09 04:12:06+00:00,925.0,201.0,3.0,0,2023-12-14 04:00:00+00:00,119.79833333333333,-54.0,4.3
2023-12-14 17:12:05+00:00,948.0,360.0,180.0,1,2023-12-17 16:00:00+00:00,70.79861111111111,-77.0,5.3
2023-12-15 07:48:06+00:00,1018.0,235.0,257.0,0,2023-12-17 16:00:00+00:00,56.19833333333333,-77.0,5.3
2024-03-20 17:24:05+00:00,835.0,143.0,171.0,0,2024-03-24 20:00:00+00:00,98.59861111111111,-128.0,8.3
2024-03-23 01:25:51+00:00,1470.0,360.0,180.0,1,2024-03-24 20:00:00+00:00,42.56916666666667,-128.0,8.3
2024-04-11 05:00:06+00:00,1093.0,28.0,103.0,0,2024-04-16 05:00:00+00:00,119.99833333333333,-32.0,4.0
2024-04-11 06:48:06+00:00,1527.0,257.0,162.0,0,2024-04-16 06:00:00+00:00,119.19833333333334,-34.0,4.0
2024-04-11 10:12:05+00:00,1515.0,141.0,112.0,0,2024-04-16 10:00:00+00:00,119.79861111111111,-43.0,4.0
2024-04-11 14:36:05+00:00,1008.0,92.0,151.0,0,2024-04-16 11:00:00+00:00,116.39861111111111,-55.0,4.0
2024-04-11 15:36:05+00:00,861.0,33.0,100.0,0,2024-04-16 11:00:00+00:00,115.39861111111111,-55.0,4.7
2024-04-11 17:12:05+00:00,1489.0,249.0,149.0,0,2024-04-16 11:00:00+00:00,113.79861111111111,-55.0,4.7
2024-04-11 19:00:05+00:00,825.0,360.0,180.0,1,2024-04-16 19:00:00+00:00,119.99861111111112,-57.0,5.3
2024-04-12 01:36:25+00:00,316.0,360.0,180.0,1,2024-04-16 21:00:00+00:00,115.39305555555555,-65.0,5.3
2024-04-12 18:12:05+00:00,814.0,65.0,78.0,0,2024-04-16 21:00:00+00:00,98.79861111111111,-65.0,5.3
2024-04-22 16:12:05+00:00,817.0,73.0,92.0,0,2024-04-26 16:00:00+00:00,95.79861111111111,-51.0,5.0
2024-04-23 04:12:05+00:00,855.0,127.0,215.0,0,2024-04-26 16:00:00+00:00,83.79861111111111,-51.0,5.0
2024-04-24 06:36:05+00:00,852.0,68.0,46.0,0,2024-04-26 16:00:00+00:00,57.39861111111111,-51.0,5.0
2024-04-25 10:36:05+00:00,929.0,125.0,80.0,0,2024-04-26 16:00:00+00:00,29.398611111111112,-51.0,5.0
2024-05-01 06:24:05+00:00,829.0,237.0,278.0,0,2024-05-02 19:00:00+00:00,36.59861111111111,-89.0,6.7
2024-05-03 02:48:05+00:00,808.0,360.0,180.0,1,2024-05-06 01:00:00+00:00,70.1986111111111,-43.0,5.3
2024-05-07 02:12:05+00:00,812.0,10.0,124.0,0,2024-05-11 02:00:00+00:00,95.79861111111111,-406.0,9.0
2024-05-08 05:36:06+00:00,530.0,360.0,180.0,1,2024-05-11 02:00:00+00:00,68.39833333333333,-406.0,9.0
2024-05-08 12:24:05+00:00,677.0,360.0,180.0,1,2024-05-11 02:00:00+00:00,61.59861111111111,-406.0,9.0
2024-05-08 22:24:05+00:00,952.0,360.0,180.0,1,2024-05-11 02:00:00+00:00,51.59861111111111,-406.0,9.0
2024-05-09 09:24:05+00:00,1280.0,360.0,180.0,1,2024-05-11 02:00:00+00:00,40.59861111111111,-406.0,9.0
2024-05-09 18:52:00+00:00,1024.0,360.0,180.0,1,2024-05-11 02:00:00+00:00,31.133333333333333,-406.0,9.0
2024-05-10 07:12:05+00:00,953.0,360.0,180.0,1,2024-05-11 08:00:00+00:00,24.79861111111111,-364.0,9.0
2024-05-11 01:36:05+00:00,1614.0,360.0,180.0,1,2024-05-12 05:00:00+00:00,27.398611111111112,-143.0,7.0
2024-05-11 16:12:05+00:00,846.0,93.0,268.0,0,2024-05-12 17:00:00+00:00,24.79861111111111,-93.0,6.3
2024-05-12 01:48:05+00:00,454.0,360.0,180.0,1,2024-05-13 04:00:00+00:00,26.198611111111113,-93.0,6.0
2024-05-13 08:48:06+00:00,1690.0,360.0,180.0,1,2024-05-17 23:00:00+00:00,110.19833333333334,-88.0,6.0
2024-05-14 02:24:07+00:00,881.0,51.0,271.0,0,2024-05-17 23:00:00+00:00,92.59805555555556,-88.0,6.0
2024-05-14 17:00:05+00:00,2010.0,360.0,180.0,1,2024-05-17 23:00:00+00:00,77.99861111111112,-88.0,6.0
2024-05-14 17:48:05+00:00,1407.0,360.0,180.0,1,2024-05-17 23:00:00+00:00,77.1986111111111,-88.0,6.0
2024-05-15 08:36:07+00:00,1648.0,360.0,180.0,1,2024-05-17 23:00:00+00:00,62.39805555555556,-88.0,6.0
2024-05-15 10:48:05+00:00,993.0,114.0,254.0,0,2024-05-17 23:00:00+00:00,60.19861111111111,-88.0,6.0
2024-05-15 16:30:05+00:00,1570.0,190.0,138.0,0,2024-05-17 23:00:00+00:00,54.49861111111111,-88.0,6.0
2024-05-15 20:56:53+00:00,1250.0,360.0,180.0,1,2024-05-17 23:00:00+00:00,50.051944444444445,-88.0,6.0
2024-05-16 01:36:32+00:00,1000.0,38.0,268.0,0,2024-05-17 23:00:00+00:00,45.39111111111111,-88.0,6.0
2024-05-16 04:24:05+00:00,806.0,17.0,262.0,0,2024-05-17 23:00:00+00:00,42.59861111111111,-88.0,6.0
2024-05-16 06:48:05+00:00,881.0,37.0,264.0,0,2024-05-17 23:00:00+00:00,40.19861111111111,-88.0,6.0
2024-05-16 08:12:05+00:00,1216.0,49.0,87.0,0,2024-05-17 23:00:00+00:00,38.798611111111114,-88.0,6.0
2024-05-16 13:36:29+00:00,1102.0,258.0,260.0,0,2024-05-17 23:00:00+00:00,33.39194444444445,-88.0,6.0
2024-05-16 17:36:06+00:00,717.0,360.0,180.0,1,2024-05-17 23:00:00+00:00,29.398333333333333,-88.0,6.0
2024-05-16 20:56:57+00:00,821.0,18.0,92.0,0,2024-05-17 23:00:00+00:00,26.050833333333333,-88.0,5.3
2024-05-17 12:48:05+00:00,1160.0,360.0,180.0,1,2024-05-18 13:00:00+00:00,24.198611111111113,-63.0,2.7
2024-05-17 21:12:10+00:00,1098.0,260.0,92.0,0,2024-05-19 05:00:00+00:00,31.79722222222222,-42.0,2.7
2024-06-05 01:25:53+00:00,1193.0,136.0,96.0,0,2024-06-08 00:00:00+00:00,70.56861111111111,-34.0,6.3
2024-06-08 01:48:05+00:00,1427.0,360.0,180.0,1,2024-06-11 04:00:00+00:00,74.1986111111111,-44.0,4.3
2024-06-11 23:06:13+00:00,1988.0,360.0,180.0,1,2024-06-16 12:00:00+00:00,108.8963888888889,-39.0,4.7
2024-06-12 23:24:05+00:00,751.0,360.0,180.0,1,2024-06-16 12:00:00+00:00,84.59861111111111,-39.0,4.7
2024-07-21 16:48:05+00:00,601.0,360.0,180.0,1,2024-07-26 07:00:00+00:00,110.1986111111111,-50.0,5.0
2024-07-23 00:24:05+00:00,885.0,360.0,180.0,1,2024-07-26 07:00:00+00:00,78.59861111111111,-50.0,5.0
2024-07-23 14:12:05+00:00,1031.0,360.0,180.0,1,2024-07-26 07:00:00+00:00,64.79861111111111,-50.0,5.0
2024-07-25 00:24:05+00:00,578.0,360.0,180.0,1,2024-07-26 07:00:00+00:00,30.59861111111111,-50.0,5.0
2024-07-27 04:48:05+00:00,1426.0,360.0,180.0,1,2024-07-30 11:00:00+00:00,78.1986111111111,-31.0,5.3
2024-07-27 11:12:05+00:00,683.0,360.0,180.0,1,2024-07-30 11:00:00+00:00,71.79861111111111,-31.0,5.3
2024-07-27 20:36:05+00:00,1361.0,17.0,291.0,0,2024-07-30 11:00:00+00:00,62.39861111111111,-31.0,5.3
2024-07-28 02:24:05+00:00,522.0,360.0,180.0,1,2024-07-30 11:00:00+00:00,56.59861111111111,-31.0,5.3
2024-07-28 11:12:05+00:00,918.0,50.0,289.0,0,2024-07-30 11:00:00+00:00,47.798611111111114,-31.0,5.3
2024-07-29 02:00:05+00:00,876.0,19.0,132.0,0,2024-07-30 11:00:00+00:00,32.99861111111111,-31.0,5.3
2024-07-30 19:48:05+00:00,1522.0,176.0,133.0,0,2024-08-04 17:00:00+00:00,117.1986111111111,-100.0,7.0
2024-07-31 07:12:05+00:00,1164.0,190.0,250.0,0,2024-08-04 17:00:00+00:00,105.79861111111111,-100.0,7.0
2024-07-31 13:25:52+00:00,1018.0,116.0,141.0,0,2024-08-04 17:00:00+00:00,99.56888888888889,-100.0,7.0
2024-07-31 18:36:05+00:00,1118.0,360.0,180.0,1,2024-08-04 17:00:00+00:00,94.39861111111111,-100.0,7.0
2024-08-01 07:24:05+00:00,1024.0,360.0,180.0,1,2024-08-04 17:00:00+00:00,81.59861111111111,-100.0,7.0
2024-08-01 11:36:05+00:00,1803.0,123.0,130.0,0,2024-08-04 17:00:00+00:00,77.39861111111111,-100.0,7.0
2024-08-02 05:00:07+00:00,1141.0,203.0,269.0,0,2024-08-04 17:00:00+00:00,59.99805555555555,-100.0,7.0
2024-08-07 14:12:05+00:00,658.0,360.0,180.0,1,2024-08-12 14:00:00+00:00,119.79861111111111,-170.0,8.0
2024-08-07 19:12:05+00:00,528.0,360.0,180.0,1,2024-08-12 16:00:00+00:00,116.79861111111111,-188.0,8.0
2024-08-08 05:12:05+00:00,250.0,360.0,180.0,1,2024-08-12 16:00:00+00:00,106.79861111111111,-188.0,8.0
2024-08-08 19:48:05+00:00,789.0,360.0,180.0,1,2024-08-12 16:00:00+00:00,92.1986111111111,-188.0,8.0
2024-08-09 21:36:05+00:00,638.0,360.0,180.0,1,2024-08-12 16:00:00+00:00,66.39861111111111,-188.0,8.0
2024-08-10 03:12:10+00:00,475.0,360.0,180.0,1,2024-08-12 16:00:00+00:00,60.797222222222224,-188.0,8.0
2024-08-12 14:00:05+00:00,987.0,7.0,253.0,0,2024-08-14 01:00:00+00:00,34.99861111111111,-60.0,4.3
2024-08-12 16:00:05+00:00,845.0,13.0,253.0,0,2024-08-14 01:00:00+00:00,32.99861111111111,-60.0,6.3
2024-08-14 08:24:05+00:00,570.0,360.0,180.0,1,2024-08-16 10:00:00+00:00,49.59861111111111,-31.0,6.3
2024-08-28 04:12:05+00:00,1140.0,176.0,81.0,0,2024-08-31 06:00:00+00:00,73.79861111111111,-73.0,4.7
2024-09-09 00:36:05+00:00,836.0,211.0,266.0,0,2024-09-12 14:00:00+00:00,85.39861111111111,-121.0,7.0
2024-09-09 05:24:05+00:00,1522.0,360.0,180.0,1,2024-09-12 14:00:00+00:00,80.59861111111111,-121.0,7.0
2024-09-10 00:24:05+00:00,643.0,360.0,180.0,1,2024-09-12 14:00:00+00:00,61.59861111111111,-121.0,7.0
2024-09-11 16:48:05+00:00,922.0,85.0,130.0,0,2024-09-12 20:00:00+00:00,27.198611111111113,-115.0,7.0
2024-09-14 15:36:06+00:00,2366.0,360.0,180.0,1,2024-09-17 08:00:00+00:00,64.39833333333333,-121.0,7.3
2024-09-17 12:48:05+00:00,986.0,23.0,83.0,0,2024-09-19 01:00:00+00:00,36.19861111111111,-65.0,4.3
2024-09-18 12:36:05+00:00,1437.0,161.0,160.0,0,2024-09-19 14:00:00+00:00,25.398611111111112,-51.0,4.3
2024-09-22 21:36:05+00:00,1256.0,360.0,180.0,1,2024-09-25 05:00:00+00:00,55.39861111111111,-53.0,4.7
2024-10-03 12:48:05+00:00,821.0,360.0,180.0,1,2024-10-08 07:00:00+00:00,114.1986111111111,-148.0,7.0
2024-10-03 20:36:05+00:00,1013.0,210.0,258.0,0,2024-10-08 07:00:00+00:00,106.39861111111111,-148.0,7.0
2024-10-07 20:12:05+00:00,967.0,360.0,180.0,1,2024-10-11 01:00:00+00:00,76.79861111111111,-333.0,8.7
2024-10-08 06:06:09+00:00,1095.0,172.0,178.0,0,2024-10-11 01:00:00+00:00,66.8975,-333.0,8.7
2024-10-09 02:12:06+00:00,1435.0,360.0,180.0,1,2024-10-11 01:00:00+00:00,46.79833333333333,-333.0,8.7
2024-10-09 16:12:05+00:00,874.0,176.0,271.0,0,2024-10-11 01:00:00+00:00,32.798611111111114,-333.0,8.7
2024-10-13 01:36:06+00:00,803.0,132.0,295.0,0,2024-10-15 03:00:00+00:00,49.39833333333333,-34.0,3.7
2024-10-16 22:36:06+00:00,724.0,360.0,180.0,1,2024-10-19 05:00:00+00:00,54.39833333333333,-47.0,5.0
2024-10-29 19:30:44+00:00,1454.0,232.0,240.0,0,2024-11-02 13:00:00+00:00,89.48777777777778,-43.0,4.0
2024-11-04 01:36:34+00:00,960.0,360.0,180.0,1,2024-11-09 00:00:00+00:00,118.39055555555555,-44.0,4.0
2024-11-05 02:00:05+00:00,210.0,360.0,180.0,1,2024-11-09 12:00:00+00:00,105.99861111111112,-101.0,5.0
2024-11-07 06:15:14+00:00,984.0,196.0,238.0,0,2024-11-09 12:00:00+00:00,53.74611111111111,-101.0,5.7
2024-11-12 12:48:05+00:00,907.0,137.0,292.0,0,2024-11-14 21:00:00+00:00,56.19861111111111,-47.0,3.7
2024-12-10 03:12:06+00:00,921.0,34.0,351.0,0,2024-12-14 18:00:00+00:00,110.79833333333333,-35.0,3.3
2024-12-10 06:36:05+00:00,970.0,75.0,157.0,0,2024-12-14 18:00:00+00:00,107.39861111111111,-35.0,3.3
2024-12-10 11:12:05+00:00,865.0,71.0,161.0,0,2024-12-14 18:00:00+00:00,102.79861111111111,-35.0,3.3
2024-12-11 06:24:06+00:00,818.0,81.0,172.0,0,2024-12-14 18:00:00+00:00,83.59833333333333,-35.0,3.3
2024-12-11 21:12:05+00:00,438.0,360.0,180.0,1,2024-12-14 18:00:00+00:00,68.79861111111111,-35.0,3.7
2024-12-19 18:16:54+00:00,1078.0,360.0,180.0,1,2024-12-22 22:00:00+00:00,75.71833333333333,-42.0,3.7
2024-12-21 11:36:05+00:00,866.0,56.0,255.0,0,2024-12-22 22:00:00+00:00,34.39861111111111,-42.0,3.7
2024-12-21 20:00:05+00:00,1109.0,17.0,27.0,0,2024-12-22 22:00:00+00:00,25.99861111111111,-42.0,3.7
2024-12-27 01:25:54+00:00,815.0,231.0,97.0,0,2025-01-01 01:00:00+00:00,119.56833333333333,-30.0,4.0
2024-12-29 06:12:05+00:00,764.0,360.0,180.0,1,2025-01-01 15:00:00+00:00,80.79861111111111,-212.0,8.0
2025-01-04 18:36:05+00:00,1442.0,190.0,253.0,0,2025-01-05 19:00:00+00:00,24.398611111111112,-54.0,4.0
2025-01-07 23:00:06+00:00,1033.0,92.0,255.0,0,2025-01-10 13:00:00+00:00,61.998333333333335,-43.0,4.0
2025-01-11 08:36:05+00:00,849.0,99.0,323.0,0,2025-01-15 08:00:00+00:00,95.39861111111111,-47.0,4.0
2025-01-14 02:24:05+00:00,820.0,18.0,295.0,0,2025-01-15 08:00:00+00:00,29.59861111111111,-47.0,4.0
2025-01-18 11:12:05+00:00,902.0,12.0,260.0,0,2025-01-20 13:00:00+00:00,49.798611111111114,-35.0,4.3
2025-01-18 19:00:05+00:00,854.0,24.0,255.0,0,2025-01-20 13:00:00+00:00,41.99861111111111,-35.0,4.3
2025-01-24 12:00:05+00:00,766.0,360.0,180.0,1,2025-01-28 20:00:00+00:00,103.99861111111112,-40.0,3.7
2025-01-26 01:25:53+00:00,964.0,129.0,113.0,0,2025-01-28 20:00:00+00:00,66.56861111111111,-40.0,3.7
2025-01-28 20:12:05+00:00,979.0,60.0,122.0,0,2025-02-02 10:00:00+00:00,109.79861111111111,-33.0,4.3
2025-02-06 02:48:05+00:00,1088.0,163.0,117.0,0,2025-02-10 09:00:00+00:00,102.1986111111111,-44.0,4.7
2025-02-09 13:25:52+00:00,994.0,17.0,303.0,0,2025-02-13 10:00:00+00:00,92.56888888888889,-42.0,4.7
2025-02-09 16:24:05+00:00,857.0,53.0,316.0,0,2025-02-13 10:00:00+00:00,89.59861111111111,-42.0,4.7
2025-02-12 13:36:05+00:00,1671.0,10.0,247.0,0,2025-02-15 17:00:00+00:00,75.39861111111111,-41.0,5.0
2025-02-15 15:48:05+00:00,807.0,11.0,313.0,0,2025-02-19 07:00:00+00:00,87.1986111111111,-45.0,5.0
2025-02-20 20:30:05+00:00,1061.0,21.0,117.0,0,2025-02-24 20:00:00+00:00,95.49861111111112,-35.0,4.7
2025-02-21 12:54:05+00:00,1105.0,117.0,294.0,0,2025-02-24 20:00:00+00:00,79.09861111111111,-35.0,4.7
2025-02-23 03:06:05+00:00,1164.0,76.0,308.0,0,2025-02-24 20:00:00+00:00,40.89861111111111,-35.0,5.7
2025-02-23 20:06:05+00:00,1388.0,191.0,310.0,0,2025-02-28 04:00:00+00:00,103.89861111111111,-39.0,5.7
2025-02-24 06:00:06+00:00,1624.0,249.0,284.0,0,2025-02-28 04:00:00+00:00,93.99833333333333,-39.0,5.7
2025-02-24 21:12:05+00:00,1058.0,360.0,180.0,1,2025-02-28 04:00:00+00:00,78.79861111111111,-39.0,5.7
2025-02-26 06:36:05+00:00,861.0,39.0,264.0,0,2025-02-28 04:00:00+00:00,45.39861111111111,-39.0,5.7
2025-02-26 15:00:05+00:00,815.0,104.0,225.0,0,2025-02-28 04:00:00+00:00,36.99861111111111,-39.0,5.0
2025-03-04 03:48:05+00:00,844.0,69.0,166.0,0,2025-03-09 03:00:00+00:00,119.1986111111111,-50.0,5.7
2025-03-04 04:48:05+00:00,933.0,22.0,203.0,0,2025-03-09 03:00:00+00:00,118.1986111111111,-50.0,5.7
2025-03-04 11:24:06+00:00,906.0,19.0,249.0,0,2025-03-09 03:00:00+00:00,111.59833333333333,-50.0,5.7
2025-03-04 18:48:05+00:00,890.0,18.0,245.0,0,2025-03-09 03:00:00+00:00,104.1986111111111,-50.0,5.7
2025-03-04 21:25:10+00:00,1428.0,51.0,279.0,0,2025-03-09 03:00:00+00:00,101.58055555555555,-50.0,5.7
2025-03-11 14:00:05+00:00,913.0,6.0,284.0,0,2025-03-13 09:00:00+00:00,42.99861111111111,-66.0,5.3
2025-03-14 01:55:55+00:00,941.0,38.0,57.0,0,2025-03-15 12:00:00+00:00,34.06805555555555,-39.0,4.0
2025-03-15 05:24:05+00:00,1270.0,143.0,225.0,0,2025-03-19 06:00:00+00:00,96.59861111111111,-49.0,4.7
2025-03-16 00:00:05+00:00,1062.0,83.0,232.0,0,2025-03-19 06:00:00+00:00,77.99861111111112,-49.0,4.7
2025-03-16 20:36:05+00:00,258.0,360.0,180.0,1,2025-03-19 06:00:00+00:00,57.39861111111111,-49.0,5.3
2025-03-19 01:25:56+00:00,989.0,31.0,72.0,0,2025-03-22 22:00:00+00:00,92.56777777777778,-61.0,5.7
2025-03-19 23:24:05+00:00,1069.0,113.0,273.0,0,2025-03-22 22:00:00+00:00,70.59861111111111,-61.0,5.7
2025-03-20 17:12:06+00:00,951.0,118.0,262.0,0,2025-03-22 22:00:00+00:00,52.79833333333333,-61.0,5.7
2025-03-21 16:00:07+00:00,819.0,360.0,180.0,1,2025-03-22 22:00:00+00:00,29.998055555555556,-61.0,5.7
2025-03-22 13:36:32+00:00,1092.0,65.0,10.0,0,2025-03-26 20:00:00+00:00,102.39111111111112,-62.0,5.7
2025-03-22 15:48:05+00:00,835.0,137.0,121.0,0,2025-03-26 20:00:00+00:00,100.1986111111111,-62.0,5.7
2025-03-25 15:12:08+00:00,1265.0,95.0,143.0,0,2025-03-26 20:00:00+00:00,28.797777777777778,-62.0,5.7
2025-03-28 15:24:05+00:00,1986.0,360.0,180.0,1,2025-04-02 10:00:00+00:00,114.59861111111111,-36.0,3.7
2025-03-30 02:00:05+00:00,964.0,13.0,297.0,0,2025-04-03 01:00:00+00:00,94.99861111111112,-46.0,4.7
2025-03-30 04:24:05+00:00,973.0,86.0,149.0,0,2025-04-03 01:00:00+00:00,92.59861111111111,-46.0,4.7
2025-03-30 08:36:06+00:00,991.0,81.0,304.0,0,2025-04-03 01:00:00+00:00,88.39833333333333,-46.0,4.7
2025-04-04 16:36:05+00:00,950.0,141.0,323.0,0,2025-04-05 19:00:00+00:00,26.398611111111112,-69.0,5.3
2025-04-08 06:00:06+00:00,1173.0,140.0,68.0,0,2025-04-12 20:00:00+00:00,109.99833333333333,-68.0,4.3
2025-04-08 08:00:07+00:00,815.0,36.0,83.0,0,2025-04-12 20:00:00+00:00,107.99805555555555,-68.0,4.3
2025-04-11 21:48:06+00:00,879.0,108.0,48.0,0,2025-04-16 17:00:00+00:00,115.19833333333334,-138.0,7.7
2025-04-12 16:12:06+00:00,1048.0,61.0,205.0,0,2025-04-16 17:00:00+00:00,96.79833333333333,-138.0,7.7
2025-04-13 06:36:05+00:00,529.0,360.0,180.0,1,2025-04-16 17:00:00+00:00,82.39861111111111,-138.0,7.7
2025-04-14 15:00:06+00:00,962.0,52.0,194.0,0,2025-04-16 17:00:00+00:00,49.998333333333335,-138.0,7.7
2025-04-15 15:12:06+00:00,897.0,45.0,91.0,0,2025-04-16 17:00:00+00:00,25.798333333333332,-138.0,7.7
2025-04-16 07:12:05+00:00,802.0,10.0,131.0,0,2025-04-19 23:00:00+00:00,87.79861111111111,-68.0,5.0
2025-04-17 09:24:05+00:00,947.0,14.0,42.0,0,2025-04-19 23:00:00+00:00,61.59861111111111,-68.0,5.3
2025-04-17 11:00:05+00:00,837.0,11.0,41.0,0,2025-04-19 23:00:00+00:00,59.99861111111111,-68.0,5.3
2025-04-17 15:12:05+00:00,954.0,14.0,44.0,0,2025-04-19 23:00:00+00:00,55.798611111111114,-68.0,5.3
2025-04-18 23:48:05+00:00,1050.0,173.0,140.0,0,2025-04-20 00:00:00+00:00,24.198611111111113,-62.0,5.3
2025-04-29 13:48:05+00:00,845.0,12.0,302.0,0,2025-05-02 23:00:00+00:00,81.1986111111111,-62.0,5.3
2025-04-29 14:24:05+00:00,1094.0,8.0,250.0,0,2025-05-02 23:00:00+00:00,80.59861111111111,-62.0,5.3
2025-04-29 23:36:05+00:00,1451.0,91.0,253.0,0,2025-05-02 23:00:00+00:00,71.39861111111111,-62.0,5.3
2025-05-01 08:48:25+00:00,827.0,26.0,232.0,0,2025-05-02 23:00:00+00:00,38.19305555555555,-62.0,5.3
2025-05-04 10:48:05+00:00,1267.0,18.0,202.0,0,2025-05-05 16:00:00+00:00,29.198611111111113,-39.0,4.7
2025-05-09 21:12:06+00:00,1136.0,81.0,207.0,0,2025-05-11 22:00:00+00:00,48.79833333333333,-37.0,4.7
2025-05-13 16:12:05+00:00,954.0,45.0,191.0,0,2025-05-17 05:00:00+00:00,84.79861111111111,-65.0,6.3
2025-05-13 20:57:33+00:00,828.0,18.0,239.0,0,2025-05-17 05:00:00+00:00,80.04083333333334,-65.0,6.3
2025-05-14 02:00:06+00:00,1146.0,24.0,60.0,0,2025-05-17 05:00:00+00:00,74.99833333333333,-65.0,6.3
2025-05-14 03:36:05+00:00,898.0,105.0,65.0,0,2025-05-17 05:00:00+00:00,73.39861111111111,-65.0,6.3
2025-05-14 07:48:05+00:00,1194.0,52.0,64.0,0,2025-05-17 05:00:00+00:00,69.1986111111111,-65.0,6.3
2025-05-14 08:36:05+00:00,933.0,94.0,62.0,0,2025-05-17 05:00:00+00:00,68.39861111111111,-65.0,6.3
2025-05-14 10:12:05+00:00,912.0,18.0,113.0,0,2025-05-17 05:00:00+00:00,66.79861111111111,-65.0,6.3
2025-05-14 15:48:05+00:00,839.0,53.0,262.0,0,2025-05-17 05:00:00+00:00,61.19861111111111,-65.0,6.3
2025-05-15 02:24:05+00:00,958.0,99.0,169.0,0,2025-05-17 05:00:00+00:00,50.59861111111111,-65.0,6.3
2025-05-15 03:48:05+00:00,996.0,22.0,138.0,0,2025-05-17 05:00:00+00:00,49.19861111111111,-65.0,6.3
2025-05-23 17:00:05+00:00,542.0,360.0,180.0,1,2025-05-28 04:00:00+00:00,106.99861111111112,-34.0,4.3
2025-05-24 04:00:05+00:00,997.0,20.0,202.0,0,2025-05-29 03:00:00+00:00,118.99861111111112,-70.0,6.3
2025-05-26 16:24:05+00:00,877.0,14.0,109.0,0,2025-05-29 03:00:00+00:00,58.59861111111111,-70.0,6.3
2025-05-30 23:36:05+00:00,1034.0,32.0,262.0,0,2025-06-01 13:00:00+00:00,37.39861111111111,-119.0,7.7
2025-05-31 00:12:05+00:00,1752.0,360.0,180.0,1,2025-06-01 13:00:00+00:00,36.798611111111114,-119.0,7.7
2025-06-02 14:00:06+00:00,909.0,20.0,236.0,0,2025-06-03 15:00:00+00:00,24.998333333333335,-76.0,5.3
2025-06-05 08:12:06+00:00,968.0,273.0,214.0,0,2025-06-07 10:00:00+00:00,49.79833333333333,-41.0,4.3
2025-06-08 17:12:05+00:00,933.0,14.0,256.0,0,2025-06-13 16:00:00+00:00,118.79861111111111,-99.0,6.7
2025-06-08 21:36:05+00:00,835.0,73.0,42.0,0,2025-06-13 20:00:00+00:00,118.39861111111111,-101.0,6.7
2025-06-09 08:48:05+00:00,873.0,44.0,27.0,0,2025-06-13 20:00:00+00:00,107.1986111111111,-101.0,6.7
2025-06-09 12:36:05+00:00,806.0,26.0,59.0,0,2025-06-13 20:00:00+00:00,103.39861111111111,-101.0,6.7
2025-06-09 15:00:05+00:00,823.0,49.0,55.0,0,2025-06-13 20:00:00+00:00,100.99861111111112,-101.0,6.7
2025-06-10 02:12:05+00:00,821.0,37.0,58.0,0,2025-06-13 20:00:00+00:00,89.79861111111111,-101.0,6.7
2025-06-10 05:00:06+00:00,875.0,16.0,71.0,0,2025-06-13 20:00:00+00:00,86.99833333333333,-101.0,6.7
2025-06-11 22:12:06+00:00,999.0,137.0,269.0,0,2025-06-13 20:00:00+00:00,45.79833333333333,-101.0,6.7
2025-06-12 19:12:06+00:00,941.0,55.0,59.0,0,2025-06-13 20:00:00+00:00,24.798333333333332,-101.0,6.0
2025-06-26 13:48:05+00:00,926.0,27.0,263.0,0,2025-07-01 00:00:00+00:00,106.1986111111111,-34.0,3.3
2025-06-27 12:00:05+00:00,958.0,90.0,315.0,0,2025-07-01 00:00:00+00:00,83.99861111111112,-34.0,3.3
2025-07-05 02:12:05+00:00,858.0,7.0,316.0,0,2025-07-07 02:00:00+00:00,47.798611111111114,-65.0,5.0
2025-07-05 02:24:05+00:00,886.0,11.0,109.0,0,2025-07-07 02:00:00+00:00,47.59861111111111,-65.0,5.0
2025-07-12 15:36:05+00:00,881.0,59.0,52.0,0,2025-07-15 09:00:00+00:00,65.39861111111111,-44.0,4.7
2025-07-19 23:24:06+00:00,826.0,25.0,126.0,0,2025-07-24 01:00:00+00:00,97.59833333333333,-42.0,4.7
2025-07-20 17:00:05+00:00,1028.0,22.0,86.0,0,2025-07-24 01:00:00+00:00,79.99861111111112,-42.0,4.7
2025-07-22 15:48:34+00:00,943.0,25.0,97.0,0,2025-07-24 01:00:00+00:00,33.190555555555555,-42.0,4.0
2025-08-08 11:12:06+00:00,816.0,64.0,114.0,0,2025-08-09 12:00:00+00:00,24.798333333333332,-76.0,5.7
2025-08-08 19:12:05+00:00,986.0,128.0,256.0,0,2025-08-09 20:00:00+00:00,24.79861111111111,-51.0,4.3
2025-08-10 15:12:05+00:00,981.0,114.0,267.0,0,2025-08-14 06:00:00+00:00,86.79861111111111,-38.0,4.0
2025-08-11 05:12:05+00:00,803.0,10.0,101.0,0,2025-08-14 06:00:00+00:00,72.79861111111111,-38.0,3.3
2025-08-28 20:36:06+00:00,833.0,26.0,66.0,0,2025-09-02 20:00:00+00:00,119.39833333333333,-54.0,5.7
2025-08-28 21:00:05+00:00,958.0,17.0,99.0,0,2025-09-02 21:00:00+00:00,119.99861111111112,-66.0,5.7
2025-08-29 20:24:05+00:00,862.0,13.0,76.0,0,2025-09-02 22:00:00+00:00,97.59861111111111,-78.0,5.7
2025-08-30 20:12:05+00:00,914.0,360.0,180.0,1,2025-09-02 22:00:00+00:00,73.79861111111111,-78.0,5.7
2025-09-09 12:12:05+00:00,858.0,226.0,266.0,0,2025-09-11 07:00:00+00:00,42.798611111111114,-32.0,3.3
2025-09-12 04:38:51+00:00,962.0,18.0,286.0,0,2025-09-15 05:00:00+00:00,72.3525,-78.0,6.7
2025-09-12 17:00:05+00:00,915.0,14.0,317.0,0,2025-09-15 05:00:00+00:00,59.99861111111111,-78.0,6.7
2025-09-13 12:12:05+00:00,948.0,39.0,289.0,0,2025-09-15 05:00:00+00:00,40.798611111111114,-78.0,6.7
2025-09-13 13:25:50+00:00,964.0,26.0,282.0,0,2025-09-15 05:00:00+00:00,39.56944444444444,-78.0,6.7
2025-09-13 17:00:05+00:00,871.0,15.0,315.0,0,2025-09-15 05:00:00+00:00,35.99861111111111,-78.0,6.7
2025-09-27 02:48:05+00:00,966.0,23.0,99.0,0,2025-09-30 07:00:00+00:00,76.1986111111111,-106.0,7.0
2025-09-27 06:36:06+00:00,822.0,13.0,100.0,0,2025-09-30 07:00:00+00:00,72.39833333333333,-106.0,7.0
2025-09-27 07:24:05+00:00,1199.0,72.0,97.0,0,2025-09-30 07:00:00+00:00,71.59861111111111,-106.0,7.0
2025-09-27 17:12:07+00:00,865.0,19.0,334.0,0,2025-09-30 07:00:00+00:00,61.79805555555556,-106.0,7.0
2025-09-27 18:00:05+00:00,1053.0,45.0,85.0,0,2025-09-30 07:00:00+00:00,60.99861111111111,-106.0,7.0
2025-09-27 18:12:05+00:00,816.0,33.0,120.0,0,2025-09-30 07:00:00+00:00,60.798611111111114,-106.0,7.0
2025-09-28 09:00:05+00:00,1023.0,98.0,82.0,0,2025-09-30 07:00:00+00:00,45.99861111111111,-106.0,7.0
2025-09-28 11:12:07+00:00,1041.0,19.0,97.0,0,2025-09-30 07:00:00+00:00,43.79805555555556,-106.0,7.0
2025-09-28 20:12:05+00:00,875.0,21.0,126.0,0,2025-09-30 07:00:00+00:00,34.798611111111114,-106.0,7.0
2025-09-29 02:00:06+00:00,877.0,16.0,96.0,0,2025-09-30 07:00:00+00:00,28.998333333333335,-106.0,7.0
2025-09-29 02:12:05+00:00,1114.0,31.0,128.0,0,2025-09-30 07:00:00+00:00,28.79861111111111,-106.0,7.0
2025-09-29 04:24:05+00:00,955.0,53.0,89.0,0,2025-09-30 07:00:00+00:00,26.59861111111111,-106.0,7.0
2025-09-29 14:48:05+00:00,826.0,26.0,119.0,0,2025-10-02 05:00:00+00:00,62.19861111111111,-89.0,6.7
2025-09-30 09:36:06+00:00,1039.0,165.0,217.0,0,2025-10-02 05:00:00+00:00,43.39833333333333,-89.0,6.7
2025-09-30 13:25:52+00:00,863.0,12.0,61.0,0,2025-10-02 05:00:00+00:00,39.568888888888885,-89.0,6.7
2025-10-04 22:36:05+00:00,893.0,41.0,50.0,0,2025-10-07 12:00:00+00:00,61.39861111111111,-46.0,4.0
2025-10-11 18:36:05+00:00,941.0,96.0,126.0,0,2025-10-12 20:00:00+00:00,25.398611111111112,-40.0,5.0
2025-10-14 00:48:05+00:00,811.0,184.0,73.0,0,2025-10-18 19:00:00+00:00,114.1986111111111,-59.0,6.3
2025-10-14 20:36:05+00:00,815.0,81.0,322.0,0,2025-10-18 19:00:00+00:00,94.39861111111111,-59.0,6.3
2025-10-25 11:12:09+00:00,975.0,360.0,180.0,1,2025-10-30 11:00:00+00:00,119.7975,-52.0,5.3
2025-10-26 20:36:06+00:00,704.0,360.0,180.0,1,2025-10-30 14:00:00+00:00,89.39833333333333,-68.0,5.3
2025-10-29 00:12:05+00:00,1158.0,360.0,180.0,1,2025-10-30 14:00:00+00:00,37.798611111111114,-68.0,5.3
2025-10-30 04:24:05+00:00,1436.0,360.0,180.0,1,2025-10-31 10:00:00+00:00,29.59861111111111,-49.0,4.7
2025-10-30 13:25:51+00:00,950.0,19.0,236.0,0,2025-10-31 14:00:00+00:00,24.569166666666668,-47.0,4.3
2025-11-03 10:30:08+00:00,1203.0,360.0,180.0,1,2025-11-06 06:00:00+00:00,67.49777777777778,-116.0,6.7
2025-11-03 12:48:05+00:00,1147.0,63.0,54.0,0,2025-11-06 06:00:00+00:00,65.1986111111111,-116.0,6.7
2025-11-04 00:24:05+00:00,1019.0,147.0,69.0,0,2025-11-06 06:00:00+00:00,53.59861111111111,-116.0,6.7
2025-11-04 02:12:05+00:00,810.0,360.0,180.0,1,2025-11-06 06:00:00+00:00,51.798611111111114,-116.0,6.7
2025-11-04 17:36:06+00:00,1070.0,360.0,180.0,1,2025-11-06 06:00:00+00:00,36.39833333333333,-116.0,6.7
2025-11-04 22:12:05+00:00,1277.0,123.0,127.0,0,2025-11-06 06:00:00+00:00,31.79861111111111,-116.0,6.7
2025-11-04 23:00:06+00:00,402.0,360.0,180.0,1,2025-11-06 06:00:00+00:00,30.998333333333335,-116.0,6.7
2025-11-05 11:00:51+00:00,1249.0,360.0,180.0,1,2025-11-08 07:00:00+00:00,67.98583333333333,-58.0,6.0
2025-11-05 22:24:05+00:00,920.0,360.0,180.0,1,2025-11-08 07:00:00+00:00,56.59861111111111,-58.0,6.0
2025-11-07 07:24:05+00:00,415.0,360.0,180.0,1,2025-11-12 04:00:00+00:00,116.59861111111111,-217.0,8.7
2025-11-09 07:36:05+00:00,792.0,360.0,180.0,1,2025-11-12 04:00:00+00:00,68.39861111111111,-217.0,8.7
2025-11-10 09:36:05+00:00,947.0,360.0,180.0,1,2025-11-12 04:00:00+00:00,42.39861111111111,-217.0,8.7
2025-11-11 10:24:18+00:00,1772.0,360.0,180.0,1,2025-11-12 11:00:00+00:00,24.595,-208.0,7.7
2025-11-29 05:48:05+00:00,1158.0,360.0,180.0,1,2025-12-03 23:00:00+00:00,113.1986111111111,-64.0,6.7
2025-11-29 08:48:05+00:00,1068.0,86.0,80.0,0,2025-12-03 23:00:00+00:00,110.1986111111111,-64.0,6.7
2025-11-29 13:36:05+00:00,951.0,48.0,80.0,0,2025-12-03 23:00:00+00:00,105.39861111111111,-64.0,6.7
2025-11-29 15:48:05+00:00,860.0,128.0,105.0,0,2025-12-03 23:00:00+00:00,103.1986111111111,-64.0,6.7
2025-11-29 17:00:05+00:00,1081.0,169.0,82.0,0,2025-12-03 23:00:00+00:00,101.99861111111112,-64.0,6.7
2025-12-01 02:48:05+00:00,1810.0,360.0,180.0,1,2025-12-03 23:00:00+00:00,68.1986111111111,-64.0,6.7
2025-12-01 03:36:05+00:00,1248.0,360.0,180.0,1,2025-12-03 23:00:00+00:00,67.39861111111111,-64.0,6.7
2025-12-01 14:00:05+00:00,853.0,41.0,28.0,0,2025-12-03 23:00:00+00:00,56.99861111111111,-64.0,6.7
2025-12-02 05:36:05+00:00,946.0,17.0,207.0,0,2025-12-03 23:00:00+00:00,41.39861111111111,-64.0,6.7
2025-12-06 21:00:06+00:00,804.0,360.0,180.0,1,2025-12-11 03:00:00+00:00,101.99833333333333,-82.0,6.0
2025-12-07 12:12:05+00:00,1119.0,32.0,279.0,0,2025-12-11 03:00:00+00:00,86.79861111111111,-82.0,6.0
2025-12-08 00:48:05+00:00,742.0,360.0,180.0,1,2025-12-11 03:00:00+00:00,74.1986111111111,-82.0,6.0
2025-12-31 14:00:05+00:00,663.0,360.0,180.0,1,2026-01-05 08:00:00+00:00,113.99861111111112,-30.0,5.0
2026-01-02 17:12:05+00:00,839.0,199.0,291.0,0,2026-01-05 08:00:00+00:00,62.798611111111114,-30.0,4.3
2026-01-08 10:36:06+00:00,1243.0,360.0,180.0,1,2026-01-11 18:00:00+00:00,79.39833333333333,-74.0,5.7
2026-01-08 17:00:05+00:00,842.0,161.0,178.0,0,2026-01-11 18:00:00+00:00,72.99861111111112,-74.0,5.7
2026-01-09 03:12:05+00:00,905.0,24.0,73.0,0,2026-01-11 18:00:00+00:00,62.798611111111114,-74.0,5.7
2026-01-11 05:12:06+00:00,898.0,22.0,76.0,0,2026-01-12 06:00:00+00:00,24.798333333333332,-44.0,4.3
2026-01-11 22:24:05+00:00,1417.0,360.0,180.0,1,2026-01-16 22:00:00+00:00,119.59861111111111,-31.0,5.0
2026-01-15 13:48:05+00:00,816.0,11.0,291.0,0,2026-01-20 11:00:00+00:00,117.1986111111111,-204.0,8.7
2026-01-17 03:00:05+00:00,1113.0,38.0,267.0,0,2026-01-20 16:00:00+00:00,84.99861111111112,-236.0,8.7
2026-01-17 23:24:05+00:00,834.0,19.0,264.0,0,2026-01-20 16:00:00+00:00,64.59861111111111,-236.0,8.7
2026-01-18 08:36:06+00:00,1054.0,15.0,266.0,0,2026-01-20 16:00:00+00:00,55.39833333333333,-236.0,8.7
2026-01-18 18:12:05+00:00,1842.0,360.0,180.0,1,2026-01-20 16:00:00+00:00,45.798611111111114,-236.0,8.7
2026-01-23 22:27:58+00:00,957.0,152.0,149.0,0,2026-01-25 14:00:00+00:00,39.53388888888889,-55.0,5.0
2026-01-24 09:24:22+00:00,835.0,25.0,5.0,0,2026-01-25 14:00:00+00:00,28.593888888888888,-55.0,5.0
2026-01-26 04:24:31+00:00,919.0,25.0,330.0,0,2026-01-29 16:00:00+00:00,83.59138888888889,-48.0,5.0
2026-01-26 17:00:21+00:00,911.0,24.0,112.0,0,2026-01-29 16:00:00+00:00,70.99416666666667,-48.0,5.0
2026-02-12 19:00:22+00:00,951.0,29.0,309.0,0,2026-02-15 05:00:00+00:00,57.99388888888889,-51.0,5.7
2026-02-18 11:36:32+00:00,1064.0,9.0,354.0,0,2026-02-22 07:00:00+00:00,91.39111111111112,-47.0,5.3
2026-02-18 19:00:16+00:00,996.0,62.0,53.0,0,2026-02-22 07:00:00+00:00,83.99555555555555,-47.0,5.3
2026-02-18 20:36:15+00:00,899.0,53.0,90.0,0,2026-02-22 07:00:00+00:00,82.39583333333333,-47.0,5.3
2026-02-21 18:12:15+00:00,918.0,9.0,70.0,0,2026-02-23 10:00:00+00:00,39.795833333333334,-35.0,5.3
